date,stock_code,margin_balance,margin_buy,margin_repay,short_volume
2023-02-15,600183,686355010.0,22138390.0,16093084.0,671939.0
2023-02-15,600406,878040617.0,49507083.0,54501236.0,386309.0
2023-02-15,600584,2248433992.0,152159039.0,127077032.0,2094221.0
2023-02-15,600703,4385720815.0,116790137.0,121949253.0,27591488.0
2023-02-15,600745,2493662277.0,130895077.0,92737336.0,3318515.0
2023-02-15,600900,7709938777.0,77271161.0,41035640.0,43741400.0
2023-02-15,601138,826708244.0,47615461.0,47009863.0,874100.0
2023-02-15,601985,1749975170.0,57464816.0,38150253.0,1053800.0
2023-02-15,603019,2606017179.0,668819141.0,471068900.0,19476725.0
2023-02-15,603083,295303187.0,62752485.0,65223794.0,19900.0
2023-02-15,603501,3172961251.0,53009545.0,77271341.0,886714.0
2023-02-15,603986,2372660806.0,130584954.0,132771069.0,1140181.0
2023-02-15,605358,735431622.0,49643969.0,45759517.0,1078391.0
2023-02-15,688008,578751880.0,71660036.0,62319712.0,39929768.0
2023-02-15,688012,1104770844.0,82240420.0,92401970.0,1262247.0
2023-02-15,688017,400033353.0,28169530.0,22561580.0,602756.0
2023-02-15,688019,128979238.0,16201777.0,14349539.0,367226.0
2023-02-15,688041,430683576.0,165684565.0,130915717.0,8805179.0
2023-02-15,688110,314499749.0,26711351.0,16553684.0,3200000.0
2023-02-15,688123,195634959.0,18206555.0,24686292.0,49000.0
2023-02-15,688126,448026953.0,15077907.0,11952662.0,1935227.0
2023-02-15,688160,63590929.0,4105322.0,5639977.0,0.0
2023-02-15,688256,488275988.0,153136507.0,99443176.0,4387483.0
2023-02-15,688320,53671633.0,2537854.0,7859481.0,219815.0
2023-02-15,688396,670466388.0,18502959.0,15706835.0,1185389.0
2023-02-15,688498,33351244.0,13622793.0,35313903.0,177917.0
2023-02-15,688525,46193979.0,20934767.0,17544294.0,528050.0
2023-02-15,688676,59832728.0,1855532.0,1043875.0,1653354.0
2023-02-15,688728,176483540.0,4453526.0,3770804.0,3108912.0
2023-02-15,688766,107907112.0,5040470.0,6010521.0,504575.0
2023-02-15,688981,2835728724.0,54958039.0,55794177.0,6194566.0
2023-03-15,600183,636883269.0,8062699.0,5515842.0,1379249.0
2023-03-15,600406,748785105.0,21945687.0,20897823.0,428996.0
2023-03-15,600584,2251003342.0,145283632.0,152474186.0,2020811.0
2023-03-15,600703,4327152539.0,132299148.0,180082358.0,29543874.0
2023-03-15,600745,2662155910.0,103791992.0,161745324.0,3749204.0
2023-03-15,600900,7747200189.0,61785892.0,45335713.0,46048100.0
2023-03-15,601138,1011597744.0,173638009.0,146510219.0,2331907.0
2023-03-15,601985,1487496614.0,121612873.0,105191098.0,1621000.0
2023-03-15,603019,2957871413.0,268361626.0,217760972.0,16625830.0
2023-03-15,603083,480440212.0,140709565.0,144133203.0,19900.0
2023-03-15,603501,3276145471.0,65146382.0,63809033.0,890980.0
2023-03-15,603986,2489399356.0,120375215.0,103395532.0,756343.0
2023-03-15,605358,906419069.0,129461044.0,89929913.0,1575138.0
2023-03-15,688008,709929355.0,66535363.0,55081808.0,32081255.0
2023-03-15,688012,1236478454.0,128261722.0,98245824.0,979590.0
2023-03-15,688017,391766661.0,32730449.0,28054134.0,1799201.0
2023-03-15,688019,118877055.0,15553702.0,22805490.0,155894.0
2023-03-15,688041,401214297.0,64249451.0,76281549.0,11567245.0
2023-03-15,688110,363752623.0,27560722.0,20973805.0,3203014.0
2023-03-15,688123,208964188.0,45153652.0,51616586.0,85360.0
2023-03-15,688126,611399265.0,91840416.0,75778034.0,5147793.0
2023-03-15,688160,54315613.0,3175429.0,5095630.0,0.0
2023-03-15,688256,530539701.0,78050481.0,63239511.0,5041988.0
2023-03-15,688320,61809394.0,6002721.0,5866998.0,175978.0
2023-03-15,688396,711794801.0,49507984.0,43562198.0,1989831.0
2023-03-15,688498,52102478.0,17489708.0,9410195.0,115134.0
2023-03-15,688525,72912278.0,56100658.0,61497291.0,1841793.0
2023-03-15,688676,74318318.0,13347119.0,5360542.0,2150427.0
2023-03-15,688728,191962096.0,7839935.0,6226183.0,1035249.0
2023-03-15,688766,117857931.0,10115189.0,10416966.0,512202.0
2023-03-15,688981,3168444070.0,825477329.0,713508370.0,10232310.0
2023-05-15,600183,684854134.0,8561769.0,5508796.0,586992.0
2023-05-15,600406,682085843.0,15857510.0,19374505.0,661299.0
2023-05-15,600584,2161954196.0,85452143.0,85337703.0,1724822.0
2023-05-15,600703,4719740667.0,68555188.0,39464814.0,25697614.0
2023-05-15,600745,3105199589.0,73215994.0,88702153.0,16878233.0
2023-05-15,600900,7594484601.0,64722354.0,76113706.0,55110670.0
2023-05-15,601138,1091946216.0,316276214.0,173142286.0,5642703.0
2023-05-15,601985,1238760930.0,77313061.0,68490011.0,1236938.0
2023-05-15,603019,3575483669.0,560060841.0,539909079.0,3800427.0
2023-05-15,603083,1079193199.0,407562977.0,373315695.0,2900.0
2023-05-15,603501,2536779018.0,18860027.0,21847298.0,466766.0
2023-05-15,603986,2804085793.0,98751821.0,82568598.0,838083.0
2023-05-15,605358,988912409.0,59192280.0,39792631.0,2762086.0
2023-05-15,688008,996904639.0,52737059.0,64516273.0,40038149.0
2023-05-15,688012,1098223146.0,131467613.0,119423742.0,4511599.0
2023-05-15,688017,412516190.0,25286526.0,14157270.0,2181713.0
2023-05-15,688019,158785249.0,14644749.0,18188226.0,113851.0
2023-05-15,688041,823597441.0,83684021.0,95473022.0,11303022.0
2023-05-15,688110,305636464.0,23795179.0,16988536.0,3098944.0
2023-05-15,688123,330224009.0,10888046.0,15552231.0,107613.0
2023-05-15,688126,779472123.0,28034992.0,31312043.0,23565825.0
2023-05-15,688160,53021184.0,6448310.0,1396977.0,0.0
2023-05-15,688256,1150833013.0,264378144.0,214992417.0,5470150.0
2023-05-15,688320,72079317.0,2085971.0,3056116.0,1046944.0
2023-05-15,688396,725402630.0,10877016.0,20026442.0,2684999.0
2023-05-15,688498,105451272.0,22223609.0,11410496.0,612020.0
2023-05-15,688525,191009741.0,23394855.0,38063897.0,1490432.0
2023-05-15,688676,84511205.0,3529185.0,3566261.0,2155117.0
2023-05-15,688728,343667388.0,5133165.0,8928502.0,2315873.0
2023-05-15,688766,192164601.0,10711188.0,11206742.0,264944.0
2023-05-15,688981,3770926868.0,242419928.0,283093044.0,7585472.0
2023-06-15,600183,684842782.0,7499116.0,10296717.0,817681.0
2023-06-15,600406,647257850.0,15839723.0,32409591.0,661392.0
2023-06-15,600584,1879356263.0,80924527.0,88383886.0,2079055.0
2023-06-15,600703,4728717031.0,108840354.0,107974631.0,9263580.0
2023-06-15,600745,2855565641.0,68866911.0,60627947.0,16686822.0
2023-06-15,600900,7242003073.0,69489458.0,100761527.0,20444110.0
2023-06-15,601138,1305127094.0,289815392.0,258862167.0,13330740.0
2023-06-15,601985,1187888726.0,41032567.0,36292959.0,1935000.0
2023-06-15,603019,3990196751.0,588495636.0,561599262.0,4036754.0
2023-06-15,603083,1372488711.0,638988756.0,592687330.0,19800.0
2023-06-15,603501,2188521038.0,30661360.0,106518370.0,572874.0
2023-06-15,603986,2747582084.0,110488043.0,136776907.0,796078.0
2023-06-15,605358,940255230.0,30582395.0,27235959.0,3199678.0
2023-06-15,688008,1036730503.0,64789802.0,62384739.0,29583135.0
2023-06-15,688012,1097615377.0,63356636.0,62572554.0,5959830.0
2023-06-15,688017,450009250.0,134303903.0,112756470.0,2169522.0
2023-06-15,688019,150479757.0,15604232.0,11260656.0,523044.0
2023-06-15,688041,962886898.0,174436140.0,175389633.0,9701945.0
2023-06-15,688110,293674810.0,39724356.0,27961621.0,3206721.0
2023-06-15,688123,300837106.0,17462020.0,16268802.0,84716.0
2023-06-15,688126,698160289.0,15346432.0,22358396.0,23524102.0
2023-06-15,688160,76942032.0,44812991.0,23635333.0,0.0
2023-06-15,688256,1455396114.0,303180836.0,463879130.0,5806090.0
2023-06-15,688320,82554062.0,38075365.0,16769979.0,1306077.0
2023-06-15,688396,708187136.0,8620451.0,16572029.0,2741632.0
2023-06-15,688498,215358890.0,110388056.0,97543550.0,1514101.0
2023-06-15,688525,203881317.0,64995515.0,73093391.0,1582712.0
2023-06-15,688676,68747200.0,3457992.0,5685813.0,1525191.0
2023-06-15,688728,302023863.0,5865833.0,5590561.0,1884986.0
2023-06-15,688766,148346613.0,12324721.0,56270316.0,276122.0
2023-06-15,688981,3265668220.0,246063959.0,233927624.0,6194403.0
2023-08-15,600183,652462028.0,3229406.0,4647271.0,1116019.0
2023-08-15,600406,594964393.0,5158982.0,4939850.0,1092451.0
2023-08-15,600584,1640124346.0,28067052.0,60723438.0,980737.0
2023-08-15,600703,4777320870.0,33803087.0,33849338.0,3001488.0
2023-08-15,600745,2728347161.0,36944197.0,24372315.0,19331155.0
2023-08-15,600900,6461477224.0,24739899.0,34919812.0,15998548.0
2023-08-15,601138,1378955626.0,285976682.0,198561505.0,13223638.0
2023-08-15,601985,975222357.0,24893686.0,25141529.0,2662500.0
2023-08-15,603019,3833124877.0,150142437.0,169569779.0,1705016.0
2023-08-15,603083,893424284.0,93987705.0,100670136.0,19600.0
2023-08-15,603501,1888783146.0,86994408.0,60643201.0,1015054.0
2023-08-15,603986,2599936000.0,142951118.0,139702921.0,796921.0
2023-08-15,605358,859488657.0,15370063.0,19162868.0,3851136.0
2023-08-15,688008,1030011300.0,24186580.0,37233107.0,30471977.0
2023-08-15,688012,954439571.0,29834765.0,29896354.0,5457359.0
2023-08-15,688017,357436086.0,20152873.0,18812921.0,173044.0
2023-08-15,688019,167481437.0,7041424.0,4352463.0,770020.0
2023-08-15,688041,751462691.0,77804223.0,49822265.0,6262070.0
2023-08-15,688110,305510156.0,9992154.0,15546427.0,711824.0
2023-08-15,688123,305557851.0,12829837.0,10709666.0,278059.0
2023-08-15,688126,621276735.0,7381494.0,8600153.0,23264426.0
2023-08-15,688160,94492860.0,14082494.0,15222066.0,900.0
2023-08-15,688256,767382884.0,24263390.0,41198556.0,4841497.0
2023-08-15,688320,109207962.0,5546979.0,7217591.0,1519550.0
2023-08-15,688396,613439452.0,3922438.0,10488710.0,2292781.0
2023-08-15,688498,137070310.0,28380546.0,22044060.0,1062659.0
2023-08-15,688525,158646941.0,6690754.0,8168466.0,1276141.0
2023-08-15,688676,40556081.0,2751412.0,1613095.0,1641211.0
2023-08-15,688728,246122090.0,1085891.0,3630602.0,3110511.0
2023-08-15,688766,148437786.0,3576720.0,2604954.0,117826.0
2023-08-15,688981,3265493833.0,28810678.0,48720483.0,3068860.0
2023-09-15,600183,629683456.0,6639604.0,4880003.0,1355340.0
2023-09-15,600406,583962420.0,15246056.0,13737615.0,1107127.0
2023-09-15,600584,1685133827.0,49170289.0,65961462.0,1475443.0
2023-09-15,600703,5337054615.0,18741686.0,28450914.0,3431100.0
2023-09-15,600745,2726688403.0,52729533.0,37202406.0,17354259.0
2023-09-15,600900,6451632587.0,96034423.0,45024091.0,17066848.0
2023-09-15,601138,1110969966.0,57662496.0,118827060.0,21295636.0
2023-09-15,601985,1001391486.0,91063426.0,25904304.0,2512190.0
2023-09-15,603019,3786884176.0,94834224.0,121011189.0,1622811.0
2023-09-15,603083,820020991.0,46930371.0,46900129.0,21600.0
2023-09-15,603501,1413628641.0,23117337.0,26932114.0,1455554.0
2023-09-15,603986,2591180294.0,147505927.0,161005057.0,851941.0
2023-09-15,605358,805627496.0,21476481.0,17195138.0,2905901.0
2023-09-15,688008,996553551.0,26909102.0,42636793.0,23733612.0
2023-09-15,688012,1174386872.0,95021719.0,73949403.0,5691044.0
2023-09-15,688017,406639851.0,8536479.0,8794704.0,1183099.0
2023-09-15,688019,189222380.0,25071107.0,29986131.0,890747.0
2023-09-15,688041,1471161857.0,62167536.0,57237983.0,5231056.0
2023-09-15,688110,285466028.0,32061214.0,37969895.0,1036742.0
2023-09-15,688123,310650635.0,42977928.0,34585777.0,484736.0
2023-09-15,688126,614950368.0,8990686.0,15152510.0,24399613.0
2023-09-15,688160,115413849.0,8034443.0,12803860.0,3000.0
2023-09-15,688256,766591003.0,52899534.0,55223139.0,5456585.0
2023-09-15,688320,116148369.0,3331736.0,4292179.0,1618074.0
2023-09-15,688396,603775279.0,10487413.0,7731091.0,4009548.0
2023-09-15,688498,144595511.0,13719993.0,18951136.0,876788.0
2023-09-15,688525,190002031.0,22555613.0,19796123.0,1652707.0
2023-09-15,688676,51684886.0,3897971.0,2735968.0,1516523.0
2023-09-15,688728,238350338.0,5480585.0,4254527.0,14196083.0
2023-09-15,688766,158395788.0,10986149.0,14958108.0,65932.0
2023-09-15,688981,3854588550.0,312633022.0,293235651.0,5880035.0
2023-11-15,600183,563615884.0,10988365.0,14653112.0,1210522.0
2023-11-15,600406,567769280.0,10174208.0,20292111.0,554557.0
2023-11-15,600584,1792318722.0,57501869.0,57298193.0,433650.0
2023-11-15,600703,5310680777.0,100725917.0,75891775.0,1863151.0
2023-11-15,600745,2749510659.0,100239248.0,128268286.0,4867677.0
2023-11-15,600900,6684923403.0,30639741.0,95066147.0,6578410.0
2023-11-15,601138,1059284896.0,82447190.0,102797707.0,18354670.0
2023-11-15,601985,1007774321.0,46185863.0,32924412.0,1635700.0
2023-11-15,603019,4045279193.0,260932598.0,223553395.0,1121491.0
2023-11-15,603083,963645522.0,145866083.0,117610585.0,36000.0
2023-11-15,603501,1546344223.0,36147999.0,26500783.0,648024.0
2023-11-15,603986,2436291797.0,182441397.0,144134741.0,1328136.0
2023-11-15,605358,886957767.0,42530307.0,28195668.0,2679581.0
2023-11-15,688008,888551866.0,41678210.0,49216682.0,13024626.0
2023-11-15,688012,1166752359.0,124670273.0,97291617.0,3429991.0
2023-11-15,688017,351897592.0,30153629.0,40308239.0,1548174.0
2023-11-15,688019,329426940.0,28430433.0,28860903.0,1141292.0
2023-11-15,688041,2066425351.0,186601122.0,201471129.0,5499815.0
2023-11-15,688110,461890107.0,69425902.0,39984790.0,2119635.0
2023-11-15,688123,240555246.0,30932983.0,29884145.0,796337.0
2023-11-15,688126,664971814.0,16123310.0,19730311.0,3827187.0
2023-11-15,688160,131399749.0,28284549.0,21586172.0,1700.0
2023-11-15,688256,1261181833.0,421053668.0,327515136.0,3870789.0
2023-11-15,688320,141163570.0,33216115.0,22562426.0,1063994.0
2023-11-15,688396,644570553.0,17021449.0,16125817.0,6057236.0
2023-11-15,688498,272299065.0,45785647.0,55430959.0,500517.0
2023-11-15,688525,191188959.0,57917059.0,50032194.0,1825156.0
2023-11-15,688676,47302868.0,5338757.0,2702118.0,1341064.0
2023-11-15,688728,189959247.0,4691367.0,7522654.0,9983352.0
2023-11-15,688766,159673324.0,14648912.0,20621884.0,83929.0
2023-11-15,688981,3725410053.0,142559839.0,246443890.0,4083464.0
2023-12-15,600183,622337985.0,15938440.0,20961137.0,767000.0
2023-12-15,600406,549618728.0,6754817.0,32309343.0,443088.0
2023-12-15,600584,1753809403.0,17310424.0,22309771.0,505440.0
2023-12-15,600703,5205865133.0,19814943.0,18677596.0,2120625.0
2023-12-15,600745,2872378074.0,33852722.0,38872184.0,4525070.0
2023-12-15,600900,6942286724.0,200730500.0,71657247.0,5700898.0
2023-12-15,601138,1095103918.0,69337789.0,78803772.0,824374.0
2023-12-15,601985,990543737.0,29039823.0,18680946.0,1749500.0
2023-12-15,603019,4054990183.0,189274459.0,194878201.0,1435490.0
2023-12-15,603083,944505386.0,92269465.0,109334200.0,278600.0
2023-12-15,603501,1538708635.0,35014315.0,30454227.0,795129.0
2023-12-15,603986,2621517397.0,58385831.0,71029496.0,994538.0
2023-12-15,605358,980808162.0,13354454.0,11086033.0,1893601.0
2023-12-15,688008,766667519.0,42958178.0,33846498.0,9517477.0
2023-12-15,688012,1154244186.0,42913307.0,36535428.0,1021804.0
2023-12-15,688017,307536380.0,13040810.0,34848924.0,1801150.0
2023-12-15,688019,214698415.0,3160806.0,7570622.0,741832.0
2023-12-15,688041,1755269193.0,164353661.0,139508941.0,16272809.0
2023-12-15,688110,537543410.0,15161098.0,13015655.0,2613379.0
2023-12-15,688123,276487422.0,53256785.0,47678829.0,964106.0
2023-12-15,688126,587586339.0,3130483.0,8122744.0,6687784.0
2023-12-15,688160,99031517.0,12949903.0,14270756.0,800.0
2023-12-15,688256,1221368659.0,72588927.0,97003618.0,2661138.0
2023-12-15,688320,106794999.0,7062817.0,17196085.0,411881.0
2023-12-15,688396,735490225.0,3825274.0,10450016.0,6345936.0
2023-12-15,688498,192241799.0,26257328.0,17579921.0,394287.0
2023-12-15,688525,161759928.0,20037484.0,27008468.0,1967801.0
2023-12-15,688676,41421413.0,3043232.0,2514282.0,1416594.0
2023-12-15,688728,182317538.0,5870072.0,6032801.0,11267407.0
2023-12-15,688766,162138737.0,12372693.0,5995751.0,44270.0
2023-12-15,688981,3316210494.0,53218806.0,92225366.0,4049165.0
2024-01-15,600183,567696054.0,6439057.0,20609946.0,444500.0
2024-01-15,600406,534411415.0,4702153.0,10851852.0,465080.0
2024-01-15,600584,1699139806.0,22660632.0,30877749.0,621240.0
2024-01-15,600703,5087007813.0,20025176.0,19355945.0,3719951.0
2024-01-15,600745,2858210424.0,45758125.0,74396636.0,366200.0
2024-01-15,600900,7106549399.0,87190466.0,58941684.0,4192280.0
2024-01-15,601138,1062475551.0,35921574.0,48927678.0,705000.0
2024-01-15,601985,961402026.0,36237958.0,32760470.0,3118800.0
2024-01-15,603019,3811558506.0,210321478.0,184766017.0,1324347.0
2024-01-15,603083,802064374.0,13509624.0,21454616.0,277400.0
2024-01-15,603501,1465692316.0,16409380.0,12701470.0,580249.0
2024-01-15,603986,2651081841.0,73763719.0,58816989.0,1283967.0
2024-01-15,605358,947927243.0,18424714.0,9024548.0,632471.0
2024-01-15,688008,775538560.0,28100693.0,27416410.0,3134404.0
2024-01-15,688012,1181797543.0,64158457.0,69622799.0,712761.0
2024-01-15,688017,290627171.0,19131344.0,14472683.0,1853941.0
2024-01-15,688019,201102438.0,8203568.0,7064629.0,625514.0
2024-01-15,688041,1720660013.0,75478182.0,91220045.0,15991189.0
2024-01-15,688110,565771548.0,6820918.0,4423135.0,3108862.0
2024-01-15,688123,261232418.0,7856664.0,7527941.0,1110636.0
2024-01-15,688126,580247825.0,9179410.0,6374887.0,5040311.0
2024-01-15,688160,103925978.0,8444951.0,5413115.0,7278.0
2024-01-15,688256,910954597.0,79713929.0,65102185.0,1529783.0
2024-01-15,688320,125810208.0,8721335.0,6152168.0,357645.0
2024-01-15,688396,680325373.0,6571923.0,14566493.0,4853919.0
2024-01-15,688498,248876084.0,27440134.0,40303864.0,373142.0
2024-01-15,688525,270955697.0,24941946.0,29433328.0,562327.0
2024-01-15,688676,77561539.0,39313009.0,9060437.0,1371658.0
2024-01-15,688728,166021225.0,2598384.0,1666727.0,14436605.0
2024-01-15,688766,153873070.0,2797567.0,6779886.0,72009.0
2024-01-15,688981,3296181551.0,62655037.0,74868609.0,3873438.0
2024-03-15,600183,501596300.0,9556329.0,8797114.0,86000.0
2024-03-15,600406,466986078.0,27142105.0,16754922.0,317963.0
2024-03-15,600584,1739657236.0,51255393.0,55747558.0,313331.0
2024-03-15,600703,4850652516.0,31590618.0,51444033.0,875100.0
2024-03-15,600745,2628555435.0,61423862.0,83654869.0,172400.0
2024-03-15,600900,7416174839.0,216782697.0,118442780.0,8122056.0
2024-03-15,601138,2928637337.0,1049906021.0,971219457.0,1861598.0
2024-03-15,601985,1176497074.0,101361009.0,224771932.0,1688800.0
2024-03-15,603019,5497299566.0,779069749.0,836846132.0,1347671.0
2024-03-15,603083,1023670536.0,243174844.0,275082884.0,340767.0
2024-03-15,603501,2039740727.0,49441116.0,29305208.0,197670.0
2024-03-15,603986,2737025055.0,182013873.0,184284602.0,1186853.0
2024-03-15,605358,779414893.0,8903604.0,12002687.0,712925.0
2024-03-15,688008,861779861.0,41517154.0,69410997.0,1559697.0
2024-03-15,688012,979975016.0,52141828.0,60295802.0,332975.0
2024-03-15,688017,343009752.0,73834012.0,49545356.0,957411.0
2024-03-15,688019,212648586.0,20681868.0,12817567.0,596767.0
2024-03-15,688041,2144886335.0,183492186.0,260519069.0,6042408.0
2024-03-15,688110,583396122.0,20796856.0,22171677.0,2181946.0
2024-03-15,688123,212700582.0,22365123.0,18552583.0,196663.0
2024-03-15,688126,545924158.0,12634430.0,11446993.0,3147103.0
2024-03-15,688160,113669677.0,45085840.0,46193699.0,10059.0
2024-03-15,688256,1051179508.0,199591632.0,159814906.0,715576.0
2024-03-15,688320,152140032.0,31613965.0,26281801.0,37388.0
2024-03-15,688396,648104441.0,9945372.0,12869339.0,3640134.0
2024-03-15,688498,371193152.0,86151075.0,86844971.0,143135.0
2024-03-15,688525,625606728.0,177208179.0,154927197.0,264758.0
2024-03-15,688676,102223111.0,40466331.0,16656517.0,130763.0
2024-03-15,688728,172474746.0,3442609.0,6640794.0,2291151.0
2024-03-15,688766,142269820.0,8941635.0,8909955.0,64339.0
2024-03-15,688981,3352423363.0,84834896.0,89773817.0,2092244.0
2024-04-15,600183,541909064.0,12141424.0,7981882.0,92900.0
2024-04-15,600406,487741187.0,29085985.0,18145204.0,478743.0
2024-04-15,600584,1775791039.0,66815998.0,66794113.0,594231.0
2024-04-15,600703,4766486465.0,22789103.0,22923414.0,1153600.0
2024-04-15,600745,2533852882.0,42880475.0,45196530.0,146000.0
2024-04-15,600900,7845584142.0,70049345.0,175099741.0,1588149.0
2024-04-15,601138,2587575234.0,272760367.0,292289832.0,836200.0
2024-04-15,601985,1150326774.0,201720426.0,167444980.0,1877500.0
2024-04-15,603019,5379062606.0,507710961.0,338458768.0,1013871.0
2024-04-15,603083,831850042.0,47383478.0,53410606.0,230659.0
2024-04-15,603501,2262392677.0,46446852.0,38041367.0,254470.0
2024-04-15,603986,2706864243.0,152206833.0,103189560.0,288465.0
2024-04-15,605358,755094667.0,8846678.0,7980205.0,440441.0
2024-04-15,688008,1171732349.0,133407477.0,120166725.0,1028905.0
2024-04-15,688012,955198595.0,70909281.0,85281896.0,267624.0
2024-04-15,688017,317005126.0,15467452.0,29850868.0,810118.0
2024-04-15,688019,236320050.0,6297390.0,10112522.0,527577.0
2024-04-15,688041,1932661574.0,164446969.0,202553217.0,5388661.0
2024-04-15,688110,615483807.0,12736468.0,22140596.0,2116606.0
2024-04-15,688123,215426988.0,24070216.0,15051432.0,190588.0
2024-04-15,688126,558986350.0,9703339.0,8138057.0,3374591.0
2024-04-15,688160,83892354.0,4618105.0,13860118.0,6221.0
2024-04-15,688256,1006124017.0,88536853.0,89036564.0,746584.0
2024-04-15,688320,146523207.0,8303285.0,7214724.0,34785.0
2024-04-15,688396,624765641.0,11629150.0,10573266.0,2398592.0
2024-04-15,688498,317279501.0,35512293.0,54118499.0,144287.0
2024-04-15,688525,672382215.0,90507621.0,108885876.0,219036.0
2024-04-15,688676,80772067.0,13374199.0,16847195.0,126883.0
2024-04-15,688728,177580552.0,3069823.0,4411396.0,3703251.0
2024-04-15,688766,148087285.0,15115451.0,15484249.0,123912.0
2024-04-15,688981,3337107654.0,88427116.0,97517012.0,1785462.0
2024-05-15,600183,461444250.0,21979825.0,21978470.0,121500.0
2024-05-15,600406,726472643.0,57021841.0,60101385.0,396483.0
2024-05-15,600584,1606210261.0,79683398.0,76217063.0,314631.0
2024-05-15,600703,4606228452.0,20165858.0,27265147.0,654100.0
2024-05-15,600745,2464912234.0,31322212.0,29635636.0,203900.0
2024-05-15,600900,8307476673.0,105953652.0,78337092.0,1390000.0
2024-05-15,601138,2623262361.0,570536732.0,432413900.0,1253700.0
2024-05-15,601985,1286868589.0,106068390.0,83041838.0,1069700.0
2024-05-15,603019,5346237439.0,188611474.0,197714142.0,1119575.0
2024-05-15,603083,752390778.0,25562507.0,22340339.0,250073.0
2024-05-15,603501,2104127984.0,43653609.0,47498918.0,199575.0
2024-05-15,603986,2642166053.0,181114905.0,179375312.0,554025.0
2024-05-15,605358,767933023.0,7739678.0,7268297.0,453434.0
2024-05-15,688008,1220277627.0,69809658.0,78352758.0,662608.0
2024-05-15,688012,1182431219.0,42458584.0,27557394.0,292126.0
2024-05-15,688017,326462255.0,9338821.0,15337500.0,604565.0
2024-05-15,688019,189519920.0,3890963.0,7923942.0,465571.0
2024-05-15,688041,1950364894.0,108316828.0,74633753.0,5044602.0
2024-05-15,688110,557551003.0,16771473.0,14718309.0,1673574.0
2024-05-15,688123,218178694.0,18191127.0,19627823.0,153629.0
2024-05-15,688126,512879056.0,6837175.0,6928391.0,3433901.0
2024-05-15,688160,98269693.0,4960957.0,8185912.0,6418.0
2024-05-15,688256,1193786128.0,196621885.0,201095797.0,656057.0
2024-05-15,688320,147336406.0,2262563.0,4364519.0,46271.0
2024-05-15,688396,623835187.0,13909332.0,10268294.0,1846622.0
2024-05-15,688498,284855970.0,10260689.0,19345634.0,124704.0
2024-05-15,688525,749597323.0,83968133.0,88433681.0,177544.0
2024-05-15,688676,109625198.0,54847959.0,27211388.0,130416.0
2024-05-15,688728,190459868.0,5449188.0,3761964.0,5587239.0
2024-05-15,688766,85405030.0,4797590.0,4961803.0,148361.0
2024-05-15,688981,3358368610.0,120785255.0,98230125.0,1654484.0
2024-07-15,600183,465835992.0,20508955.0,28365360.0,205200.0
2024-07-15,600406,671185056.0,22013755.0,18758562.0,585583.0
2024-07-15,600584,1407061557.0,169585221.0,130007024.0,976631.0
2024-07-15,600703,4520188020.0,13912034.0,14896283.0,826000.0
2024-07-15,600745,2416365850.0,26611303.0,47058665.0,650099.0
2024-07-15,600900,8702478968.0,113375947.0,181884719.0,2195600.0
2024-07-15,601138,2162255347.0,200185598.0,193765705.0,1375509.0
2024-07-15,601985,1280760953.0,101525338.0,115688666.0,2000200.0
2024-07-15,603019,4944441544.0,89836118.0,116128750.0,954600.0
2024-07-15,603083,703813858.0,13708777.0,20100270.0,231213.0
2024-07-15,603501,2622224059.0,109724823.0,109904036.0,290905.0
2024-07-15,603986,2224562284.0,51506237.0,55161627.0,300700.0
2024-07-15,605358,793748547.0,25204300.0,31417377.0,1039370.0
2024-07-15,688008,1099798138.0,186951734.0,143005043.0,740934.0
2024-07-15,688012,1096970263.0,41312858.0,62317604.0,301067.0
2024-07-15,688017,335771774.0,17305420.0,14306928.0,472295.0
2024-07-15,688019,133480252.0,10413237.0,11565560.0,324215.0
2024-07-15,688041,1500981150.0,79066166.0,137951216.0,2565916.0
2024-07-15,688110,570510325.0,12623436.0,7630717.0,1125165.0
2024-07-15,688123,172626641.0,15502136.0,10652587.0,123816.0
2024-07-15,688126,505107019.0,9275187.0,11904847.0,4499088.0
2024-07-15,688160,83360334.0,1713082.0,3934808.0,5283.0
2024-07-15,688256,1168704235.0,126986394.0,151959876.0,250669.0
2024-07-15,688320,165445802.0,1190129.0,1624528.0,36694.0
2024-07-15,688396,615738918.0,7879347.0,6649444.0,1070953.0
2024-07-15,688498,280501593.0,14788466.0,23919343.0,157949.0
2024-07-15,688525,858777916.0,139210388.0,132922891.0,405914.0
2024-07-15,688676,96210369.0,16984807.0,6740424.0,88690.0
2024-07-15,688728,216543577.0,9585802.0,6952065.0,3266377.0
2024-07-15,688766,78923326.0,8158007.0,12076501.0,121843.0
2024-07-15,688981,3073440161.0,118319941.0,131242362.0,1601110.0
2024-08-15,600183,487066401.0,14279773.0,8736416.0,173900.0
2024-08-15,600406,624458336.0,12213011.0,20943253.0,439297.0
2024-08-15,600584,1405137109.0,65064677.0,62221149.0,342937.0
2024-08-15,600703,4517164028.0,23659842.0,23697133.0,304700.0
2024-08-15,600745,2427785404.0,40760679.0,30771582.0,273900.0
2024-08-15,600900,8258186776.0,110953728.0,169936473.0,1313383.0
2024-08-15,601138,2350564159.0,193238769.0,229590050.0,799023.0
2024-08-15,601985,1585422487.0,144586935.0,100329958.0,1656100.0
2024-08-15,603019,4712862805.0,109708027.0,130326200.0,458100.0
2024-08-15,603083,607151606.0,9675852.0,19202192.0,108013.0
2024-08-15,603501,2770639282.0,89763783.0,68578872.0,96960.0
2024-08-15,603986,2294723062.0,54969457.0,62244333.0,104400.0
2024-08-15,605358,779331320.0,11317599.0,10120544.0,493052.0
2024-08-15,688008,1127508349.0,49634251.0,62856174.0,111717.0
2024-08-15,688012,1144185893.0,52611801.0,73000232.0,120011.0
2024-08-15,688017,357377536.0,20329803.0,19177946.0,133108.0
2024-08-15,688019,156261896.0,6508709.0,8654200.0,130105.0
2024-08-15,688041,1327514038.0,70821432.0,112402241.0,668121.0
2024-08-15,688110,528095150.0,9577121.0,9232463.0,351952.0
2024-08-15,688123,268947360.0,30766967.0,13138826.0,35278.0
2024-08-15,688126,482444515.0,11342613.0,8523302.0,1266701.0
2024-08-15,688160,87848212.0,11835465.0,7663553.0,3880.0
2024-08-15,688256,1194746829.0,113162100.0,117707833.0,104476.0
2024-08-15,688320,163651215.0,2993995.0,2982632.0,11233.0
2024-08-15,688396,606019765.0,6773937.0,9034201.0,243480.0
2024-08-15,688498,251029100.0,15930686.0,12187541.0,61614.0
2024-08-15,688525,775881805.0,77375814.0,75449911.0,148522.0
2024-08-15,688676,108740870.0,5095385.0,5910946.0,77553.0
2024-08-15,688728,217519863.0,7078641.0,8281241.0,184493.0
2024-08-15,688766,81880784.0,3786911.0,5139862.0,32432.0
2024-08-15,688981,2780984019.0,80785373.0,86286844.0,598707.0
2024-10-15,600183,618326215.0,42561390.0,25278340.0,68600.0
2024-10-15,600406,927665156.0,66794755.0,43012720.0,217637.0
2024-10-15,600584,1684715731.0,257646621.0,323508538.0,93500.0
2024-10-15,600703,4388114548.0,110076931.0,90381758.0,101800.0
2024-10-15,600745,2188376267.0,66621473.0,66861038.0,87300.0
2024-10-15,600900,7681201888.0,202227836.0,278907410.0,1801000.0
2024-10-15,601138,2225473753.0,266338158.0,288499328.0,329400.0
2024-10-15,601985,1610527674.0,158832365.0,138633747.0,1294400.0
2024-10-15,603019,4821754952.0,743515740.0,714653123.0,105200.0
2024-10-15,603083,563962639.0,48111607.0,47954357.0,66556.0
2024-10-15,603501,2728154627.0,397883497.0,328000942.0,61500.0
2024-10-15,603986,2446722432.0,170169281.0,199203149.0,39800.0
2024-10-15,605358,649619021.0,27195550.0,28449123.0,99800.0
2024-10-15,688008,2511587765.0,468109017.0,349422225.0,32871.0
2024-10-15,688012,1770282989.0,321973897.0,212228134.0,41490.0
2024-10-15,688017,398668053.0,62481003.0,50570561.0,42787.0
2024-10-15,688019,384375959.0,27857851.0,28044303.0,6975.0
2024-10-15,688041,2095943494.0,525527128.0,451148405.0,118101.0
2024-10-15,688110,448790754.0,35316774.0,27899900.0,34609.0
2024-10-15,688123,313450243.0,37420675.0,33695182.0,12399.0
2024-10-15,688126,513189669.0,71311840.0,69771404.0,95295.0
2024-10-15,688160,94600114.0,7880305.0,8348443.0,2129.0
2024-10-15,688256,1685528689.0,547287112.0,441170997.0,10400.0
2024-10-15,688320,186989771.0,11297906.0,11488001.0,4093.0
2024-10-15,688396,581571903.0,43567598.0,47473333.0,47169.0
2024-10-15,688498,459085275.0,170487210.0,66048336.0,24058.0
2024-10-15,688525,972398515.0,210414476.0,188624594.0,153816.0
2024-10-15,688676,364400331.0,40966159.0,34077468.0,95727.0
2024-10-15,688728,220862843.0,19433021.0,27990259.0,0.0
2024-10-15,688766,272323783.0,31981041.0,35819638.0,5744.0
2024-10-15,688981,5428380412.0,1918258186.0,1603341021.0,222941.0
2024-11-15,600183,574087263.0,37121286.0,45277366.0,63100.0
2024-11-15,600406,815802730.0,32107376.0,28956464.0,210837.0
2024-11-15,600584,2573075713.0,520597512.0,542750993.0,130700.0
2024-11-15,600703,4520239510.0,100908412.0,98247866.0,109400.0
2024-11-15,600745,2146180287.0,130043329.0,220950117.0,74000.0
2024-11-15,600900,8562611207.0,160516861.0,109447810.0,1112000.0
2024-11-15,601138,3293311793.0,313715327.0,387411587.0,259200.0
2024-11-15,601985,1663131731.0,119065466.0,200239619.0,1278300.0
2024-11-15,603019,6141705982.0,1494630790.0,1505166298.0,115300.0
2024-11-15,603083,966429508.0,249665788.0,265501199.0,49000.0
2024-11-15,603501,3250508911.0,207980618.0,242394973.0,36700.0
2024-11-15,603986,2837449066.0,168268341.0,198539078.0,37400.0
2024-11-15,605358,676911169.0,25814822.0,38853861.0,181800.0
2024-11-15,688008,3963774806.0,391726249.0,407463204.0,72232.0
2024-11-15,688012,2823913660.0,444745264.0,787666860.0,47241.0
2024-11-15,688017,458373053.0,99199302.0,92386586.0,45189.0
2024-11-15,688019,440230004.0,30710830.0,29525492.0,6073.0
2024-11-15,688041,3609295030.0,281728052.0,357365749.0,80093.0
2024-11-15,688110,588190775.0,33282204.0,33821984.0,32252.0
2024-11-15,688123,517554795.0,56516289.0,44675130.0,7800.0
2024-11-15,688126,816172566.0,46635588.0,92851337.0,96622.0
2024-11-15,688160,106901878.0,15753770.0,14333191.0,1500.0
2024-11-15,688256,3034791140.0,656740642.0,456392680.0,10400.0
2024-11-15,688320,198996017.0,46039115.0,62881631.0,5400.0
2024-11-15,688396,749745200.0,78783974.0,68086357.0,44802.0
2024-11-15,688498,390698996.0,24736673.0,50227358.0,7868.0
2024-11-15,688525,1166872451.0,98397536.0,157801082.0,73928.0
2024-11-15,688676,413996466.0,32147778.0,32444555.0,44974.0
2024-11-15,688728,407596181.0,35609677.0,21893441.0,0.0
2024-11-15,688766,446955284.0,33432022.0,29580871.0,3600.0
2024-11-15,688981,8483679923.0,986508791.0,1124952610.0,185604.0
2025-01-15,600183,745293306.0,31386328.0,100216490.0,125000.0
2025-01-15,600406,681249994.0,18776769.0,17187383.0,409645.0
2025-01-15,600584,2843913831.0,292674532.0,357613893.0,110600.0
2025-01-15,600703,4463967237.0,21190229.0,23614719.0,22200.0
2025-01-15,600745,2390945690.0,62355807.0,60142507.0,102300.0
2025-01-15,600900,9187273548.0,140872207.0,142516559.0,980500.0
2025-01-15,601138,3414625191.0,170617173.0,144633244.0,246000.0
2025-01-15,601985,2138685360.0,79881425.0,121653822.0,1527300.0
2025-01-15,603019,6109620150.0,581729015.0,455295211.0,110500.0
2025-01-15,603083,836331324.0,54124060.0,57101760.0,66900.0
2025-01-15,603501,3261076921.0,221816891.0,123882871.0,48500.0
2025-01-15,603986,2925248398.0,594666496.0,882414171.0,57700.0
2025-01-15,605358,686783403.0,6298556.0,6851043.0,82100.0
2025-01-15,688008,3776545476.0,223671408.0,221755758.0,77467.0
2025-01-15,688012,2982345126.0,216294734.0,159073989.0,37775.0
2025-01-15,688017,713435436.0,204361304.0,155876577.0,41177.0
2025-01-15,688019,421027946.0,13082314.0,31644163.0,17950.0
2025-01-15,688041,3075140749.0,643589262.0,463419175.0,107376.0
2025-01-15,688110,713744760.0,48578105.0,34723065.0,74978.0
2025-01-15,688123,467771405.0,74928565.0,97523803.0,23683.0
2025-01-15,688126,746699331.0,22686063.0,25849009.0,137195.0
2025-01-15,688160,128430380.0,31347959.0,30817815.0,0.0
2025-01-15,688256,4324024884.0,898737592.0,1099907358.0,19561.0
2025-01-15,688320,381240618.0,100464000.0,83128181.0,0.0
2025-01-15,688396,738566472.0,11976073.0,12634372.0,30677.0
2025-01-15,688498,402431644.0,38785192.0,62550215.0,8987.0
2025-01-15,688525,1392883618.0,117329398.0,89768168.0,148671.0
2025-01-15,688676,653039030.0,95791272.0,94352458.0,84128.0
2025-01-15,688728,368970541.0,5543809.0,7494497.0,0.0
2025-01-15,688766,482003269.0,83969081.0,76411723.0,9710.0
2025-01-15,688981,8346559658.0,1272828194.0,1461370011.0,243644.0
2025-04-15,600183,493065455.0,19418586.0,28029183.0,97700.0
2025-04-15,600406,772983513.0,20536917.0,28719198.0,499017.0
2025-04-15,600584,2553074398.0,58057019.0,49358294.0,125400.0
2025-04-15,600703,4450198158.0,22718783.0,22361720.0,130600.0
2025-04-15,600745,2186295522.0,16414333.0,20160012.0,73700.0
2025-04-15,600900,9330070070.0,138357313.0,133241671.0,1291200.0
2025-04-15,601138,2843550727.0,88245017.0,124204287.0,616400.0
2025-04-15,601985,1728962254.0,83310147.0,96008936.0,1550100.0
2025-04-15,603019,5824992743.0,259725465.0,263294502.0,167100.0
2025-04-15,603083,736456219.0,16183932.0,14992605.0,71900.0
2025-04-15,603501,3296523768.0,182921201.0,141994839.0,65600.0
2025-04-15,603986,2569246119.0,80741537.0,78488463.0,55000.0
2025-04-15,605358,795685022.0,6950050.0,9555592.0,198600.0
2025-04-15,688008,2966406437.0,112510337.0,133154534.0,108395.0
2025-04-15,688012,2900307727.0,84277718.0,100678701.0,58907.0
2025-04-15,688017,782568379.0,40078020.0,68072815.0,40823.0
2025-04-15,688019,405809349.0,42994330.0,28668183.0,16195.0
2025-04-15,688041,3399806286.0,125262313.0,235180509.0,139350.0
2025-04-15,688110,870376873.0,12079118.0,11288631.0,38325.0
2025-04-15,688123,310271203.0,16423889.0,10628586.0,18754.0
2025-04-15,688126,808133043.0,15481778.0,21920749.0,177122.0
2025-04-15,688160,115797801.0,33795914.0,34826252.0,0.0
2025-04-15,688256,4913023384.0,293474743.0,354603756.0,23387.0
2025-04-15,688320,315110953.0,8795526.0,10808503.0,0.0
2025-04-15,688396,747588947.0,15595183.0,13589546.0,71225.0
2025-04-15,688498,384143413.0,11047799.0,6744865.0,5136.0
2025-04-15,688525,1389428024.0,65936271.0,92613742.0,128583.0
2025-04-15,688676,694674956.0,27639320.0,29291992.0,57648.0
2025-04-15,688728,295668594.0,4767437.0,9148605.0,0.0
2025-04-15,688766,542667336.0,22975894.0,28413557.0,5285.0
2025-04-15,688981,7357204549.0,272800756.0,314701743.0,287474.0
2025-05-15,600183,581404527.0,28360845.0,44033667.0,174100.0
2025-05-15,600406,778051850.0,20456089.0,17833608.0,268217.0
2025-05-15,600584,2492448799.0,87243471.0,68324641.0,110300.0
2025-05-15,600703,4276803012.0,24007241.0,35002946.0,134000.0
2025-05-15,600745,2052415116.0,18196498.0,23140405.0,118200.0
2025-05-15,600900,9164122965.0,113100313.0,146761654.0,1392300.0
2025-05-15,601138,2742454561.0,134059367.0,112894195.0,599600.0
2025-05-15,601985,1724955404.0,131682846.0,74377266.0,1021600.0
2025-05-15,603019,5520187177.0,181083528.0,251098646.0,160000.0
2025-05-15,603083,914764557.0,93710717.0,69269277.0,83300.0
2025-05-15,603501,3427615888.0,141456833.0,138277843.0,73495.0
2025-05-15,603986,2675137353.0,153716921.0,217187587.0,60500.0
2025-05-15,605358,863300830.0,28112836.0,31358832.0,235200.0
2025-05-15,688008,2800108986.0,96080274.0,109754459.0,140860.0
2025-05-15,688012,2813357258.0,85065388.0,50472023.0,37368.0
2025-05-15,688017,832911718.0,43200299.0,70381781.0,45058.0
2025-05-15,688019,395769985.0,30106397.0,35857815.0,9623.0
2025-05-15,688041,3310442143.0,98868500.0,100045537.0,127011.0
2025-05-15,688110,809759207.0,28819901.0,12971012.0,57517.0
2025-05-15,688123,340374130.0,15994787.0,28656917.0,15169.0
2025-05-15,688126,761222275.0,10764137.0,12986549.0,207880.0
2025-05-15,688160,122852343.0,11426720.0,14088577.0,0.0
2025-05-15,688256,5462019231.0,159301248.0,305561337.0,26766.0
2025-05-15,688320,300592815.0,17752577.0,18989711.0,0.0
2025-05-15,688396,688040373.0,6364660.0,8581997.0,81738.0
2025-05-15,688498,381339822.0,17212086.0,17439131.0,3953.0
2025-05-15,688525,1412866702.0,57934473.0,60339848.0,127003.0
2025-05-15,688676,685991947.0,32507351.0,49850298.0,49889.0
2025-05-15,688728,276215986.0,4029435.0,5363918.0,0.0
2025-05-15,688766,523316353.0,16525838.0,19493458.0,5685.0
2025-05-15,688981,7499190589.0,219454829.0,257411155.0,226107.0
2025-07-15,600183,484530726.0,152035064.0,161826285.0,150900.0
2025-07-15,600406,1875044105.0,43049221.0,42011928.0,243017.0
2025-07-15,600584,2280366674.0,115942503.0,89619105.0,90800.0
2025-07-15,600703,4259236818.0,28860646.0,57115959.0,125900.0
2025-07-15,600745,1944261669.0,80558540.0,92942117.0,26200.0
2025-07-15,600900,9821323378.0,110188168.0,80531767.0,1083200.0
2025-07-15,601138,2280540218.0,572422127.0,402748664.0,606800.0
2025-07-15,601985,1778956568.0,153076481.0,117161800.0,934100.0
2025-07-15,603019,6160995187.0,523867582.0,294637246.0,132900.0
2025-07-15,603083,920194786.0,343208569.0,314512175.0,70000.0
2025-07-15,603501,3747518163.0,252401094.0,214197995.0,47200.0
2025-07-15,603986,3121728876.0,305541393.0,202068832.0,62300.0
2025-07-15,605358,844037750.0,13777271.0,17246916.0,245352.0
2025-07-15,688008,2916361374.0,495920775.0,411657758.0,115795.0
2025-07-15,688012,2759065254.0,92739567.0,92447774.0,46652.0
2025-07-15,688017,891794405.0,56335542.0,69181053.0,38009.0
2025-07-15,688019,457936401.0,63111141.0,46352041.0,20753.0
2025-07-15,688041,3294388790.0,160477932.0,289427753.0,123619.0
2025-07-15,688110,825763367.0,51897327.0,48637130.0,52247.0
2025-07-15,688123,375132134.0,40477542.0,21125098.0,17605.0
2025-07-15,688126,731098094.0,20681420.0,22801787.0,242813.0
2025-07-15,688160,100032654.0,19909761.0,26979280.0,0.0
2025-07-15,688256,3453631663.0,279259937.0,309836844.0,18908.0
2025-07-15,688320,268719905.0,36362355.0,29399533.0,0.0
2025-07-15,688396,669783486.0,12198298.0,8724670.0,85856.0
2025-07-15,688498,401372860.0,111083572.0,88211582.0,5844.0
2025-07-15,688525,1220084271.0,69669457.0,92020426.0,160442.0
2025-07-15,688676,610246751.0,49910373.0,51751783.0,117992.0
2025-07-15,688728,221325179.0,7164447.0,12790082.0,208164.0
2025-07-15,688766,458839737.0,15445603.0,16696169.0,7983.0
2025-07-15,688981,7127916194.0,173598270.0,193149817.0,258804.0
2025-08-15,600183,595910998.0,200631815.0,207212237.0,217000.0
2025-08-15,600406,1537420627.0,91066168.0,86425850.0,276677.0
2025-08-15,600584,2632714227.0,252914684.0,238085594.0,153600.0
2025-08-15,600703,4321069789.0,83690165.0,93159815.0,109900.0
2025-08-15,600745,2082486891.0,96163510.0,101876592.0,22800.0
2025-08-15,600900,10985160405.0,173545442.0,184967936.0,878800.0
2025-08-15,601138,3706031884.0,1197434774.0,1191246769.0,607000.0
2025-08-15,601985,2009672633.0,106052059.0,98759798.0,1821100.0
2025-08-15,603019,7012175348.0,648339062.0,677860382.0,103900.0
2025-08-15,603083,1093606153.0,199290389.0,170811219.0,49700.0
2025-08-15,603501,4165991712.0,304672617.0,343619528.0,44465.0
2025-08-15,603986,3264423756.0,235379049.0,352886036.0,54200.0
2025-08-15,605358,937792592.0,34986449.0,43725839.0,261352.0
2025-08-15,688008,3239156525.0,521670406.0,461596016.0,124387.0
2025-08-15,688012,2872891627.0,280827207.0,256861594.0,47042.0
2025-08-15,688017,931839381.0,183859893.0,181248757.0,43363.0
2025-08-15,688019,385866531.0,58471830.0,51368077.0,18873.0
2025-08-15,688041,4948693054.0,1026117309.0,999736699.0,169753.0
2025-08-15,688110,2130476141.0,807059136.0,691951171.0,68139.0
2025-08-15,688123,540623155.0,65134794.0,72870890.0,12766.0
2025-08-15,688126,877168596.0,46611682.0,67796058.0,224407.0
2025-08-15,688160,142764832.0,35352224.0,27956532.0,0.0
2025-08-15,688256,5849350070.0,1234623178.0,1051367694.0,35032.0
2025-08-15,688320,292991309.0,34035987.0,35751797.0,0.0
2025-08-15,688396,749763874.0,40637307.0,62315599.0,73956.0
2025-08-15,688498,371666473.0,57876059.0,62909573.0,6244.0
2025-08-15,688525,1187632763.0,119138833.0,139633356.0,149051.0
2025-08-15,688676,588736906.0,125517026.0,150727646.0,109178.0
2025-08-15,688728,260003743.0,11496527.0,13415701.0,123205.0
2025-08-15,688766,508719885.0,27336063.0,37617171.0,7756.0
2025-08-15,688981,8138520521.0,1060186314.0,958519697.0,266125.0
2025-09-15,600183,901046496.0,284910714.0,299278692.0,221200.0
2025-09-15,600406,1589922391.0,86978783.0,111983408.0,314535.0
2025-09-15,600584,3266848101.0,274390929.0,265367927.0,196500.0
2025-09-15,600703,4852634570.0,313333376.0,225102999.0,20100.0
2025-09-15,600745,2487582234.0,418765946.0,340669150.0,12100.0
2025-09-15,600900,10437458223.0,221433685.0,149286997.0,473800.0
2025-09-15,601138,6989409705.0,1440083330.0,1444824525.0,466600.0
2025-09-15,601985,2212051509.0,75644789.0,79317804.0,1736900.0
2025-09-15,603019,8928251813.0,1930232798.0,2042822483.0,166100.0
2025-09-15,603083,2276648947.0,1011659040.0,899034096.0,80900.0
2025-09-15,603501,5154991001.0,817787514.0,575777487.0,63165.0
2025-09-15,603986,5321774453.0,1183553987.0,1370259527.0,81300.0
2025-09-15,605358,941844362.0,43119485.0,40888870.0,250152.0
2025-09-15,688008,5298743569.0,744355911.0,702313736.0,198564.0
2025-09-15,688012,3269271669.0,272363943.0,342447988.0,63896.0
2025-09-15,688017,1302912022.0,356078271.0,258491948.0,52736.0
2025-09-15,688019,652525094.0,48049329.0,77838900.0,23692.0
2025-09-15,688041,8336842725.0,1973544368.0,1810823005.0,205468.0
2025-09-15,688110,2726300767.0,531511892.0,435281275.0,73399.0
2025-09-15,688123,576434610.0,136885024.0,70352278.0,9564.0
2025-09-15,688126,1177165334.0,105891840.0,94423022.0,218799.0
2025-09-15,688160,166011387.0,36922146.0,34256132.0,0.0
2025-09-15,688256,14520183336.0,2745542414.0,1999855642.0,30646.0
2025-09-15,688320,392828279.0,32448114.0,34852711.0,0.0
2025-09-15,688396,906219919.0,87725654.0,70917404.0,82149.0
2025-09-15,688498,642143648.0,100047581.0,114859145.0,6344.0
2025-09-15,688525,1525074813.0,383094200.0,295185331.0,193624.0
2025-09-15,688676,599887834.0,63968442.0,107897407.0,47783.0
2025-09-15,688728,339973705.0,33999404.0,30516386.0,36820.0
2025-09-15,688766,627888745.0,173907772.0,164734356.0,13155.0
2025-09-15,688981,12746157486.0,1865920644.0,1528585403.0,308370.0
2025-10-15,600183,1099152468.0,402448045.0,203269017.0,216900.0
2025-10-15,600406,1470645568.0,157999715.0,140388266.0,227955.0
2025-10-15,600584,4156877287.0,447799266.0,506029932.0,227600.0
2025-10-15,600703,4891916815.0,159139503.0,154687751.0,72000.0
2025-10-15,600745,2328270251.0,800741199.0,859396023.0,19400.0
2025-10-15,600900,10159590506.0,217973147.0,215467144.0,670100.0
2025-10-15,601138,6541917131.0,1170459890.0,1294306891.0,517700.0
2025-10-15,601985,2127259848.0,155926809.0,144511900.0,1123700.0
2025-10-15,603019,10215529333.0,893207396.0,705967465.0,138700.0
2025-10-15,603083,1985472044.0,250033980.0,263746738.0,64400.0
2025-10-15,603501,5100499907.0,356992175.0,314639466.0,72000.0
2025-10-15,603986,5643146271.0,936368504.0,1031194037.0,54000.0
2025-10-15,605358,986384658.0,64914513.0,99492784.0,359552.0
2025-10-15,688008,4952914949.0,774978064.0,709804020.0,261726.0
2025-10-15,688012,3538276743.0,424101572.0,384940967.0,47097.0
2025-10-15,688017,1207690342.0,80968838.0,129087245.0,63533.0
2025-10-15,688019,632574925.0,39162462.0,66234171.0,17612.0
2025-10-15,688041,8254197426.0,1088784480.0,862194737.0,206284.0
2025-10-15,688110,2888790330.0,494667939.0,393307026.0,45869.0
2025-10-15,688123,916474975.0,145380258.0,173519115.0,19530.0
2025-10-15,688126,1448226688.0,204132539.0,169868596.0,199485.0
2025-10-15,688160,163142831.0,22644371.0,19766115.0,0.0
2025-10-15,688256,13447851368.0,946937979.0,830861157.0,29602.0
2025-10-15,688320,363291078.0,11506377.0,16215947.0,0.0
2025-10-15,688396,1052090920.0,88359715.0,123243849.0,98036.0
2025-10-15,688498,592323105.0,36222724.0,105708723.0,3590.0
2025-10-15,688525,1897210202.0,373038296.0,491831527.0,135202.0
2025-10-15,688676,773222981.0,315250556.0,257442512.0,190113.0
2025-10-15,688728,351021954.0,33411486.0,17366115.0,58270.0
2025-10-15,688766,725445741.0,127182505.0,160363979.0,12689.0
2025-10-15,688981,13980349719.0,1487903718.0,1673146479.0,276375.0
2025-12-15,600183,1249667595.0,112075640.0,254077385.0,133900.0
2025-12-15,600406,1829947666.0,69856193.0,78824378.0,183134.0
2025-12-15,600584,3529109176.0,111176671.0,104855898.0,179500.0
2025-12-15,600703,4728552666.0,119217170.0,136198010.0,111800.0
2025-12-15,600745,2667180874.0,104282844.0,112076632.0,20500.0
2025-12-15,600900,9634179953.0,101564892.0,62853490.0,637600.0
2025-12-15,601138,10070370505.0,930413979.0,893950259.0,538900.0
2025-12-15,601985,2217825000.0,87719230.0,92560885.0,1953100.0
2025-12-15,603019,9959445730.0,709590969.0,505716340.0,231000.0
2025-12-15,603083,3233430609.0,398467093.0,360061362.0,87367.0
2025-12-15,603501,5092817491.0,222442612.0,180013801.0,105275.0
2025-12-15,603986,5315758667.0,367106508.0,528067859.0,72647.0
2025-12-15,605358,1001918708.0,172375509.0,207659113.0,339000.0
2025-12-15,688008,6129992872.0,347794942.0,366331727.0,92248.0
2025-12-15,688012,3800358460.0,427390713.0,380428283.0,62364.0
2025-12-15,688017,996711819.0,55951534.0,54621664.0,49039.0
2025-12-15,688019,638334785.0,69861463.0,47970161.0,30676.0
2025-12-15,688041,7824263355.0,397305158.0,394359643.0,148123.0
2025-12-15,688110,3087126076.0,182163723.0,253617194.0,54276.0
2025-12-15,688123,875908006.0,42333723.0,48595099.0,10027.0
2025-12-15,688126,1492600857.0,50525678.0,61031324.0,250198.0
2025-12-15,688160,163255925.0,13008352.0,13511970.0,0.0
2025-12-15,688256,14493235309.0,1336089689.0,878120941.0,25775.0
2025-12-15,688320,203664037.0,11850610.0,14796645.0,0.0
2025-12-15,688396,996834130.0,85998655.0,75625279.0,76223.0
2025-12-15,688498,793308843.0,185946328.0,230045406.0,7803.0
2025-12-15,688525,2111542165.0,178458347.0,205436585.0,230701.0
2025-12-15,688676,1004346021.0,194082655.0,272732942.0,167003.0
2025-12-15,688728,375796876.0,10747278.0,14604281.0,351582.0
2025-12-15,688766,868523123.0,52378633.0,68500154.0,12180.0
2025-12-15,688981,12742953022.0,520864544.0,537180738.0,218177.0
2026-01-15,600183,1487674465.0,206971993.0,188905606.0,236700.0
2026-01-15,600406,2071476151.0,211786692.0,125061833.0,207094.0
2026-01-15,600584,3188407265.0,511429881.0,412165941.0,157500.0
2026-01-15,600703,5153484361.0,203949266.0,112072931.0,39600.0
2026-01-15,600745,2744415272.0,208299088.0,205179758.0,16500.0
2026-01-15,600900,11729279581.0,348763979.0,141075665.0,914200.0
2026-01-15,601138,10729769129.0,907334889.0,800239223.0,540140.0
2026-01-15,601985,2376550014.0,164467827.0,84412378.0,1163500.0
2026-01-15,603019,8898061655.0,643713898.0,578692676.0,108000.0
2026-01-15,603083,3333946473.0,591907276.0,429206869.0,64600.0
2026-01-15,603501,5205181090.0,263243450.0,303949311.0,115475.0
2026-01-15,603986,7685144600.0,945517872.0,877617849.0,66047.0
2026-01-15,605358,1126635548.0,137317149.0,127145367.0,218400.0
2026-01-15,688008,7291581422.0,1100789534.0,686180779.0,186578.0
2026-01-15,688012,3311576337.0,701287166.0,507838137.0,51941.0
2026-01-15,688017,1336494588.0,221356882.0,286425876.0,46006.0
2026-01-15,688019,577498472.0,188109374.0,123043487.0,29064.0
2026-01-15,688041,7825527037.0,833068965.0,599641540.0,139226.0
2026-01-15,688110,3452960417.0,279838058.0,249129020.0,49703.0
2026-01-15,688123,1263410984.0,179216224.0,111064709.0,23206.0
2026-01-15,688126,1548323706.0,171470418.0,179246032.0,173954.0
2026-01-15,688160,226562258.0,47227843.0,53232754.0,2646.0
2026-01-15,688256,15026225905.0,880441593.0,711329258.0,25579.0
2026-01-15,688320,211053587.0,13702964.0,20513122.0,600.0
2026-01-15,688396,965092925.0,143904841.0,175675177.0,43602.0
2026-01-15,688498,1474600572.0,383177433.0,269255900.0,7376.0
2026-01-15,688525,2983542051.0,1052628866.0,932253118.0,182312.0
2026-01-15,688676,1352863267.0,370109370.0,337547297.0,158752.0
2026-01-15,688728,383265728.0,25270261.0,27451621.0,359003.0
2026-01-15,688766,1048735070.0,215062572.0,251175662.0,11668.0
2026-01-15,688981,13109393222.0,1114958680.0,833639890.0,193643.0
2026-04-15,600183,2268596002.0,488133440.0,653510205.0,146800.0
2026-04-15,600406,2534370760.0,305077300.0,225719303.0,435794.0
2026-04-15,600584,3176793067.0,252565964.0,264108229.0,118000.0
2026-04-15,600703,4510844082.0,253008176.0,238108967.0,121900.0
2026-04-15,600745,2365254413.0,68256034.0,41247694.0,6200.0
2026-04-15,600900,12057198133.0,140905215.0,194548757.0,868500.0
2026-04-15,601138,8909175188.0,1014778013.0,1030931612.0,619940.0
2026-04-15,601985,2186089060.0,78723604.0,69671844.0,669000.0
2026-04-15,603019,7911968866.0,601997695.0,544231284.0,95100.0
2026-04-15,603083,2742646759.0,822232967.0,919260983.0,97000.0
2026-04-15,603501,5301249376.0,292866883.0,232391750.0,108000.0
2026-04-15,603986,9287958463.0,1373591927.0,1383841718.0,90779.0
2026-04-15,605358,982345966.0,49540580.0,45513572.0,67700.0
2026-04-15,688008,7506252437.0,1109834544.0,755379288.0,150138.0
2026-04-15,688012,3431830750.0,450964667.0,418225508.0,56928.0
2026-04-15,688017,1372933871.0,147257529.0,126062802.0,46714.0
2026-04-15,688019,618466769.0,84007533.0,43808498.0,30465.0
2026-04-15,688041,6948909519.0,1205038813.0,807088496.0,149805.0
2026-04-15,688110,2927311466.0,232639861.0,214904979.0,115079.0
2026-04-15,688123,1202713276.0,185921227.0,205504439.0,45827.0
2026-04-15,688126,1510880934.0,63549382.0,52964885.0,265249.0
2026-04-15,688160,275581261.0,35111372.0,26178070.0,2400.0
2026-04-15,688256,19624663019.0,2223978156.0,1627945114.0,36402.0
2026-04-15,688320,193027567.0,5733759.0,8930169.0,7000.0
2026-04-15,688396,1340509065.0,146007998.0,115815411.0,78923.0
2026-04-15,688498,1692574130.0,502259340.0,516666695.0,13407.0
2026-04-15,688525,7898662239.0,1743750946.0,1541215420.0,174235.0
2026-04-15,688676,1115988577.0,172317192.0,136778835.0,207768.0
2026-04-15,688728,423012587.0,20048299.0,13657918.0,482340.0
2026-04-15,688766,1352170410.0,254774488.0,209556367.0,13015.0
2026-04-15,688981,11633126589.0,903751918.0,901894392.0,237943.0
2026-05-15,600183,2352041974.0,488551693.0,520370732.0,214100.0
2026-05-15,600406,3196860452.0,343798976.0,368402956.0,632494.0
2026-05-15,600584,4768765104.0,1764416336.0,1785302526.0,218500.0
2026-05-15,600703,4435354875.0,615567663.0,1014301305.0,49400.0
2026-05-15,600900,11916542555.0,198069750.0,291346286.0,798600.0
2026-05-15,601138,12023324663.0,2739042713.0,2978737163.0,727640.0
2026-05-15,601985,1956861252.0,93957605.0,109339414.0,1068200.0
2026-05-15,603019,9570667662.0,926172719.0,960601499.0,117800.0
2026-05-15,603083,3391025633.0,622892059.0,608697444.0,78600.0
2026-05-15,603501,5450808774.0,560267693.0,506383801.0,123000.0
2026-05-15,603986,13591320714.0,3486541785.0,3261544356.0,73500.0
2026-05-15,605358,1267876698.0,253592038.0,221123738.0,368801.0
2026-05-15,688008,14548674985.0,4384538497.0,4177625465.0,207926.0
2026-05-15,688012,4485493584.0,2060004046.0,1596352507.0,68969.0
2026-05-15,688017,1857072367.0,820557638.0,614132598.0,54577.0
2026-05-15,688019,1177313854.0,314142913.0,275656258.0,33460.0
2026-05-15,688041,11270742822.0,1930070904.0,1505810822.0,124672.0
2026-05-15,688110,2900481989.0,319491656.0,334379711.0,93832.0
2026-05-15,688123,1491167707.0,366379010.0,369312617.0,39031.0
2026-05-15,688126,2028908626.0,398795731.0,423075221.0,331148.0
2026-05-15,688160,293600752.0,108419890.0,99956369.0,2000.0
2026-05-15,688256,24320017340.0,2229499002.0,2571071789.0,57671.0
2026-05-15,688320,232060233.0,72189329.0,40892212.0,7500.0
2026-05-15,688396,1608168892.0,310747803.0,290225395.0,54061.0
2026-05-15,688498,2201307842.0,710469482.0,657688299.0,9907.0
2026-05-15,688525,9550417643.0,2223559645.0,1725979145.0,196875.0
2026-05-15,688676,1008849624.0,183933863.0,190349465.0,142608.0
2026-05-15,688728,479459717.0,60097858.0,51971867.0,554380.0
2026-05-15,688766,2348176945.0,616845373.0,556158645.0,9822.0
2026-05-15,688981,13316466859.0,2598021985.0,2266852347.0,239912.0
2026-06-15,600183,4220716985.0,1143524274.0,968081107.0,308300.0
2026-06-15,600406,2969803142.0,145833000.0,117100720.0,638094.0
2026-06-15,600584,6542890999.0,1204467196.0,1450542166.0,200100.0
2026-06-15,600703,4285222314.0,384874209.0,395256365.0,42100.0
2026-06-15,600900,12141823014.0,642262234.0,302126005.0,1247500.0
2026-06-15,601138,10337726093.0,1192844066.0,1058608629.0,540940.0
2026-06-15,601985,1754626435.0,84291849.0,102268173.0,1249500.0
2026-06-15,603019,9110228495.0,501193790.0,339880908.0,194700.0
2026-06-15,603083,3287404795.0,614792347.0,496792551.0,97800.0
2026-06-15,603501,5690084100.0,344194068.0,217095125.0,94000.0
2026-06-15,603986,20128739265.0,3971526742.0,3358516091.0,86300.0
2026-06-15,605358,2092260657.0,507559443.0,524073961.0,42960.0
2026-06-15,688008,15860071249.0,1891763344.0,1738027162.0,140615.0
2026-06-15,688012,4678177124.0,678484175.0,628670732.0,115722.0
2026-06-15,688017,2802035782.0,671097728.0,622715555.0,73108.0
2026-06-15,688019,1581193135.0,331930525.0,198887108.0,51991.0
2026-06-15,688041,10882514685.0,804531683.0,1085479480.0,136543.0
2026-06-15,688110,3142533099.0,431096067.0,266803481.0,95173.0
2026-06-15,688123,1511853564.0,174972578.0,138135728.0,19132.0
2026-06-15,688126,3020874801.0,864717443.0,837319199.0,334604.0
2026-06-15,688160,312590083.0,34760015.0,25824848.0,2700.0
2026-06-15,688256,24753426859.0,2571041767.0,1578798242.0,56313.0
2026-06-15,688320,208797245.0,18166511.0,12267221.0,8767.0
2026-06-15,688396,1485042153.0,256071432.0,342279517.0,54746.0
2026-06-15,688498,3375573142.0,783507404.0,768712946.0,15047.0
2026-06-15,688525,11136234262.0,2393032692.0,1593412637.0,136223.0
2026-06-15,688676,902708190.0,132608774.0,163800838.0,147193.0
2026-06-15,688728,491817944.0,34770522.0,29768583.0,552070.0
2026-06-15,688766,2282346743.0,684801978.0,590864005.0,13908.0
2026-06-15,688981,12902781660.0,1207598194.0,1343762550.0,275468.0
