date,open,high,low,close,volume,amount
2022-12-30,15.3605013400,17.6191046600,14.9907300000,16.0500749200,23394904,371613400.4300
2023-01-03,15.9901120000,16.5697535600,15.1906064000,16.2799327800,14559784,231715002.8400
2023-01-04,16.0800563800,17.1593889400,15.3904828000,15.6203406600,13235600,213121056.3500
2023-01-05,15.6403283000,16.4898030000,15.4104704400,16.2699389600,11689740,187359300.5500
2023-01-06,16.0001058200,17.0594507400,15.8102232400,16.8895558000,10624105,174346914.0900
2023-01-09,16.6896794000,17.1194136600,16.3498895200,16.5397721000,8561934,142712075.6800
2023-01-10,16.4098524400,17.4092344400,16.3998586200,16.5897412000,10725302,181240866.3400
2023-01-11,16.4398339000,17.1094198400,16.0001058200,16.1799945800,9241794,153219326.6400
2023-01-12,16.0900502000,18.4485917200,15.9001676200,17.5791293800,15692445,268404468.9700
2023-01-13,17.5391541000,17.9389069000,17.1993642200,17.5391541000,8867839,155715179.1300
2023-01-16,17.5391541000,18.1787585800,17.4891850000,17.4891850000,6687457,118995554.5200
2023-01-17,17.5891232000,20.9870220000,17.5891232000,20.9870220000,14863019,299012041.0500
2023-01-18,21.2368675000,25.1844264000,21.1968922200,25.1844264000,11253313,259128409.3700
2023-01-19,25.7840556000,26.3936786200,22.4960888200,24.0351371000,15122405,359218870.9000
2023-01-20,24.6247724800,24.7247106800,23.1057118400,24.1550629400,10508222,251069472.0900
2023-01-30,24.3449455200,25.9339629000,23.6353843000,25.6841174000,12295167,303633428.2100
2023-01-31,24.7646859600,24.7646859600,22.5360641000,22.7559281400,11506258,269036821.6900
2023-02-01,22.4960888200,23.8652421600,22.4960888200,23.6054028400,8951631,208925262.8100
2023-02-02,23.8852298000,24.6247724800,23.4155202600,23.4155202600,9875353,236993011.5700
2023-02-03,22.7559281400,24.0551247400,22.7359405000,23.9851680000,7296711,172562165.9400
2023-02-06,23.9751741800,23.9851680000,22.6859714000,22.8758539800,5768897,133365424.1100
2023-02-07,23.0157674600,23.4554955400,22.0363731000,22.6559899400,6205958,140003933.7100
2023-02-08,22.9258230800,23.2256376800,21.8664781600,21.9064534400,6174764,139305452.9600
2023-02-09,21.6466141200,23.5954090200,21.4967068200,23.3455635200,10279009,235289358.4500
2023-02-10,23.5854152000,25.9439567200,22.9957798200,24.0651185600,12420858,301213272.4900
2023-02-13,24.0551247400,24.9845500000,23.6753595800,24.0751123800,7789201,188179963.1600
2023-02-14,24.5348281000,25.2443893200,23.9851680000,24.2050320400,7584705,186486019.0100
2023-02-15,24.6047848400,25.1844264000,23.6353843000,24.7047230400,8544348,209443854.6400
2023-02-16,24.3349517000,24.6547539400,22.4860950000,22.5960270200,9618868,226935125.0500
2023-02-17,22.6659837600,22.8658601600,21.8165090600,22.2462433200,5069204,113098625.3300
2023-02-20,22.3861568000,22.7359405000,21.8664781600,22.5660455600,4066805,90842131.4300
2023-02-21,22.3861568000,22.6659837600,21.7165708600,21.8964596200,3790061,83779702.0900
2023-02-22,21.7565461400,22.4361259000,21.6166326600,22.2562371400,3158059,69821155.4200
2023-02-23,22.6859714000,22.8858478000,21.9864040000,22.1363113000,3493134,78369394.3100
2023-02-24,22.4361259000,22.9458107200,22.0663545600,22.4261320800,3740263,84097008.0800
2023-02-27,22.1163236600,22.2162618600,21.2068860400,21.2568551400,4464090,96551365.8100
2023-02-28,21.5166944600,21.8165090600,21.1469231200,21.4367439000,2636908,56709652.8100
2023-03-01,21.4067624400,22.0663545600,21.1669107600,21.9364349000,3968870,86018877.4200
2023-03-02,22.3761629800,23.3355697000,21.6266264800,22.4561135400,6549000,148253463.2300
2023-03-03,24.4848590000,26.9433387200,24.4848590000,26.9433387200,10059390,266355134.2400
2023-03-06,27.5329741000,27.7728257800,24.9945438200,25.5741853800,15574639,402303850.2900
2023-03-07,25.3043522400,27.5829432000,24.6747415800,26.6735055800,17051964,448369621.9200
2023-03-08,26.1838084000,31.8303167000,25.8540123400,30.0714043800,17765056,513816303.4800
2023-03-09,29.4717751800,34.8784318000,29.3318617000,34.5586295600,17364377,567168934.1700
2023-03-10,33.1395071200,34.7085368600,31.1007678400,31.7803476000,15256537,496276741.5100
2023-03-13,31.4805330000,33.5292661000,30.3312437000,33.4493155400,13967398,444461244.7900
2023-03-14,33.1295133000,37.4568373600,32.5598655600,35.3781228000,15289694,542075292.6700
2023-03-15,35.5280301000,38.3262997000,33.6691795800,33.8590621600,15565360,559425610.4800
2023-03-16,33.8590621600,35.4580733600,33.1395071200,35.4580733600,12852775,444037961.3400
2023-03-17,35.2781846000,36.8971834400,34.1388891200,34.1388891200,12840899,454891725.8500
2023-03-20,33.9789880000,33.9789880000,31.6704155800,31.6704155800,12315647,403633700.2100
2023-03-21,31.7603599600,33.7691177800,31.7603599600,32.6797914000,9148281,299924061.5400
2023-03-22,32.1101436600,33.4093402600,31.8103290600,32.4399397200,7605365,247287421.5600
2023-03-23,32.4599273600,38.9259289000,31.9802240000,38.7860154200,18842575,673515669.3100
2023-03-24,37.4768250000,40.7747856000,35.9177890800,39.1657805800,16914638,636564427.1300
2023-03-27,37.6267323000,42.1239513000,37.4768250000,40.4050142600,12753554,511945867.9200
2023-03-28,39.8753418000,42.2238895000,36.2575789600,37.3469053400,11408857,449068208.4500
2023-03-29,37.3369115200,40.5449277400,36.1876222200,38.6161204800,11920478,459492969.4000
2023-03-30,39.5755272000,45.2220355000,39.5755272000,43.2232715000,17356895,729162390.0200
2023-03-31,41.8940934400,44.0727462000,41.1745384000,43.3132158800,12256974,525125502.2600
2023-04-03,46.0015534600,51.8479381600,45.1520787600,51.0884078400,15591367,756226809.2500
2023-04-04,49.9890876400,61.3020918800,49.9691000000,61.3020918800,17509582,983387123.7700
2023-04-06,59.2133835000,71.4058439000,58.1840200400,62.7112205000,20285048,1297551486.0000
2023-04-07,64.2902440600,75.2534646000,61.2920980600,75.2534646000,17898632,1224959142.0400
2023-04-10,74.4539590000,85.6470374000,70.0666720200,81.8493858000,17230650,1339252878.1300
2023-04-11,82.0092869200,97.8295039800,81.9992931000,94.8213641600,15740418,1415096379.0300
2023-04-12,88.2054553200,91.2435766000,80.0005291000,85.9368581800,15840524,1361186407.9400
2023-04-13,82.9487060000,85.5970683000,79.3909060800,82.7388357800,12432266,1025398641.4600
2023-04-14,82.9387121800,84.6276677600,78.0517342000,80.5901644800,12049127,986224650.0400
2023-04-17,78.9711656400,86.7463576000,78.9611718200,83.7781930600,12076952,1017348322.2700
2023-04-18,80.6501274000,82.9487060000,73.5145399200,79.0910914800,12139378,946550652.2300
2023-04-19,78.2516106000,84.4477790000,77.9517960000,80.6401335800,11208391,914782753.2700
2023-04-20,78.9511780000,96.7701590600,78.1316847600,96.7701590600,16619007,1459841885.7800
2023-04-21,92.9425260000,107.9132683600,90.7438856000,93.9519018200,16736346,1645477842.9900
2023-04-24,95.1211787600,99.9182123600,90.0643058400,95.2211169600,9918533,946447250.0700
2023-04-25,84.9474700000,89.4446890000,77.7219381400,79.9505600000,14220718,1187977161.7600
2023-04-26,77.1522904000,86.2666542400,77.1522904000,83.6682610400,11644767,972634336.2100
2023-04-27,85.8469138000,93.7320377800,77.0623460200,84.4277913600,13000788,1130314364.2500
2023-04-28,83.4483970000,97.4197573600,79.9305723600,95.1411664000,14123787,1252199004.8500
2023-05-04,94.1417844000,97.2398686000,89.0549300200,93.0424642000,11424605,1067654254.4300
2023-05-05,91.6433294000,102.3866859000,91.2735580600,94.2117411400,12768521,1241251365.5200
2023-05-08,89.7245159600,96.8401158000,85.9468520000,87.3359929800,10913180,986832540.0000
2023-05-09,84.4277913600,84.9474700000,75.9630258200,76.2028775000,12606757,1016602858.2200
2023-05-10,75.8730814400,79.9505600000,71.1559984000,74.0042371000,9728098,733180571.7300
2023-05-11,75.3633966200,76.8125005200,69.4670428200,70.8861652600,9483936,685626590.5100
2023-05-12,70.5363815600,72.8849292600,65.4095519000,65.9592120000,10732346,733419414.2200
2023-05-15,66.3889462600,69.3171355200,66.0691440200,69.3171355200,9128500,618196625.1100
2023-05-16,69.3770984400,76.5526612000,66.4589030000,73.5545152000,14776004,1069783551.6800
2023-05-17,71.4158377200,78.4614808200,71.4158377200,74.0542062000,12306418,927881272.8800
2023-05-18,71.9555040000,78.4314993600,70.5563692000,75.7731432400,11680299,875870833.8100
2023-05-19,76.9124387200,81.9493240000,76.6126241200,78.6813448600,12314609,982880567.3600
2023-05-22,81.8293981600,84.5377233800,76.6126241200,77.4720926400,10014189,803915257.0300
2023-05-23,73.7244101400,75.0535882000,70.9561220000,71.6656832200,8783493,638974140.5600
2023-05-24,71.5757388400,75.4433471800,67.7481057800,73.2846820600,9557202,688069610.7900
2023-05-25,73.1147871200,75.3933780800,70.0866596600,74.7537736000,8376832,609704793.9200
2023-05-26,73.8043607000,81.1498184000,72.8549478000,79.0511162000,11864514,926568651.5700
2023-05-29,81.2297689600,82.2091633200,75.9530320000,76.2228651400,9091390,716159825.9800
2023-05-30,73.9542680000,82.7188481400,72.7250281400,82.7188481400,10916595,851888423.3200
2023-05-31,82.1192189400,99.2586202400,79.6307577600,99.2586202400,14792352,1294534783.6600
2023-06-01,98.8988427200,116.5879041200,95.0512220200,104.9650914600,19681408,2051568187.2500
2023-06-02,102.4366550000,107.8133301600,98.3291949800,98.3291949800,12452474,1274403411.9900
2023-06-05,98.9188303600,102.8464016200,97.9494298200,99.2186449600,7755216,776052892.6400
2023-06-06,97.2898377000,104.9151223600,94.4415990000,99.4185213600,10980737,1101155107.4900
2023-06-07,97.4197573600,102.7364696000,97.4197573600,97.6196337600,9879029,984759048.8200
2023-06-08,96.4603506400,99.5684286600,94.0718276600,96.3404248000,7651656,740522779.5700
2023-06-09,95.7008203200,97.8894669000,85.9568458200,95.3410428000,12353891,1145777972.9400
2023-06-12,93.9319141800,95.4010057200,91.4434530000,92.3528906200,6440739,602301635.8900
2023-06-13,93.8219821600,102.4866241000,91.9431440000,98.9987809200,12480755,1213985775.7000
2023-06-14,97.9394360000,101.6571370400,96.2404866000,98.5590528400,9438712,932475492.4000
2023-06-15,98.5390652000,102.5365932000,92.8026125200,92.8026125200,9192011,898762723.4500
2023-06-16,90.4240833600,97.4397450000,87.4659126400,95.3110613400,8560075,804342251.8100
2023-06-19,94.9412900000,102.4866241000,93.5421552000,99.9481938200,9756488,966526379.9900
2023-06-20,98.0393742000,100.5278353800,95.3210551600,98.2492444200,7899155,773798510.1200
2023-06-21,98.4990899200,99.0287623800,88.1255047600,88.1255047600,8477641,790306100.1000
2023-06-26,86.7663452400,87.9456160000,82.5489532000,83.1485824000,5927182,502802814.8400
2023-06-27,84.0780076600,85.9368581800,82.5689408400,83.8181683400,4493832,379091337.4100
2023-06-28,84.0480262000,85.0474082000,75.1335387600,79.5008381000,8387616,665370689.7100
2023-06-29,80.5002201000,85.4471610000,79.0311285600,79.8905970800,7413801,608316098.9800
2023-06-30,78.6113881200,81.3496948000,76.9524140000,79.8406279800,5615219,447133403.7400
2023-07-03,78.9511780000,81.3896700800,77.3121915200,79.4508690000,5001250,395658533.6400
2023-07-04,78.6713510400,82.8287801600,77.9517960000,81.1698060400,6299574,508906996.2200
2023-07-05,81.2597504200,86.1267407600,79.5108319200,82.8587616200,8053458,672712359.7000
2023-07-06,81.9393301800,89.4147075400,81.3896700800,87.9256283600,10415282,898522615.5600
2023-07-07,87.7057643200,88.5452452000,83.8281621600,83.9480880000,7120482,609881304.7800
2023-07-10,84.9474700000,85.2772660600,78.8312521600,79.1210729400,6050478,493635769.5700
2023-07-11,78.3115735200,84.2978717000,78.3115735200,82.5189717400,6537834,540041846.4600
2023-07-12,81.7794290600,84.2479026000,78.7612954200,79.3609246200,5906222,479982823.9100
2023-07-13,78.8312521600,93.9219203600,78.2316229600,91.9431440000,14313029,1239352015.5500
2023-07-14,90.9337681800,94.9312961800,89.8444418000,92.7426496000,12917690,1192734100.7600
2023-07-17,91.9331501800,95.4409810000,90.0043429200,94.0418462000,9335583,867415921.0800
2023-07-18,94.0418462000,102.7064881400,91.3235271600,91.3235271600,13624345,1322007417.2000
2023-07-19,89.4746704600,93.4721984600,88.4453070000,89.9243923600,7560657,686879849.4400
2023-07-20,87.4459250000,87.4459250000,79.9605538200,79.9605538200,9863005,811453349.4900
2023-07-21,81.8493858000,81.9493240000,76.9524140000,76.9724016400,5519183,432908528.6100
2023-07-24,76.6026303000,78.6213819400,74.8637056200,77.8618516200,3375688,261702019.7400
2023-07-25,79.5008381000,84.0979953000,77.4521050000,82.2691262400,7116513,575534973.0900
2023-07-26,81.9493240000,83.5883104800,79.9805414600,82.1392065800,4285596,352510394.3500
2023-07-27,82.2791200600,83.2485206000,80.0305105600,80.4502510000,4396191,358763211.6200
2023-07-28,80.9399481800,82.3290891600,78.4015179000,78.5014561000,4529124,364815353.6200
2023-07-31,76.0429763800,79.3209493400,74.0841876600,77.3921420800,4762185,366214174.6100
2023-08-01,77.3921420800,79.5008381000,75.4533410000,77.8118825200,4526308,352241988.8100
2023-08-02,67.9579760000,73.4745646400,67.9579760000,70.4364433600,6920553,492397653.7800
2023-08-03,69.4570490000,70.4564310000,67.3383591600,67.6181861200,5795345,397006791.4700
2023-08-04,67.8480439800,69.4570490000,66.5588412000,68.0379265600,4878263,331778784.1100
2023-08-07,68.7574816000,69.1772220400,67.6181861200,67.8480439800,3455032,236498563.3600
2023-08-08,67.8480439800,70.9261405400,67.8480439800,69.2471787800,5028043,348517816.0800
2023-08-09,68.5576052000,69.1372467600,65.6593974000,65.9492181800,4054852,271991152.1000
2023-08-10,66.2690204200,67.1584704000,65.6793850400,66.0891316600,2345275,155432008.1300
2023-08-11,66.5088721000,66.5088721000,63.8005468800,63.8005468800,3517431,227000740.1400
2023-08-14,63.1209671200,64.7599536000,62.9610660000,64.5600772000,2520147,161129002.8000
2023-08-15,64.9598300000,65.6094283000,62.4713688200,62.9910474600,2830417,180694826.4200
2023-08-16,62.2714924200,63.2908620600,61.2621166000,61.2721104200,3000619,186120510.7200
2023-08-17,60.7324441400,63.4607570000,59.9629200000,62.5113441000,3573407,223303047.2300
2023-08-18,63.2708744200,65.9492181800,62.3314553400,62.3514429800,4991258,320011721.0400
2023-08-21,61.7718014200,63.5407075600,60.5625492000,62.6712452200,3394322,213120845.8500
2023-08-22,62.9510721800,64.4601390000,61.3620548000,64.4601390000,4253206,268492614.1500
2023-08-23,63.4707508200,63.8605098000,61.7118385000,62.1615604000,3197325,200126915.0100
2023-08-24,63.2808682400,63.7405839600,60.9523081800,61.4719868200,4730841,295759857.6900
2023-08-25,60.3926542600,61.2621166000,58.4338655400,58.8136307000,4757765,282421581.5000
2023-08-28,64.8399041600,64.8399041600,58.4838346400,58.5437975600,3619884,216068287.4500
2023-08-29,58.7836492400,62.0216469200,57.8342363400,61.0422525600,4102149,247037591.7000
2023-08-30,61.1321969400,73.2547006000,61.1321969400,68.1478585800,12214754,833180738.1100
2023-08-31,65.9392243600,69.7468697800,64.0603862000,68.4076979000,8511050,572541828.7600
2023-09-01,68.4576670000,72.6150961200,68.4576670000,68.7175063200,7469397,525309864.2600
2023-09-04,68.7175063200,70.1266349400,67.4083159000,70.1266349400,5286114,363727339.1200
2023-09-05,70.2465607800,73.4545770000,69.0772838400,70.8162085200,8034762,574751801.0200
2023-09-06,69.6969006800,73.9842494600,69.2571726000,72.4452011800,7057996,503987608.5400
2023-09-07,72.7550096000,74.8836932600,68.9573580000,70.0566782000,8010586,573889950.0900
2023-09-08,69.4070799000,72.4551950000,69.3071417000,70.4264495400,5472288,389316619.5100
2023-09-11,69.6569254000,70.7262641400,68.5276237400,70.1066473000,3656010,255021017.4100
2023-09-12,70.6163321200,71.7556276000,69.5569872000,69.7968388800,2572467,181146669.8600
2023-09-13,69.9567400000,74.4539590000,69.9567400000,71.4857944600,6543149,472697126.7200
2023-09-14,70.4164557200,72.4352073600,67.9779636400,68.7574816000,3942466,274747978.4000
2023-09-15,69.2371849600,71.9355163600,67.1584704000,70.1566164000,3906389,272959944.9100
2023-09-18,69.9567400000,70.1566164000,67.5582232000,68.2378029600,3084005,211160350.0000
2023-09-19,68.4576670000,71.6456955800,67.4582850000,68.7075125000,4251704,296543516.8100
2023-09-20,67.7381119600,70.9061529000,67.4582850000,69.0273147400,3250899,226409520.3400
2023-09-21,68.8874012600,69.9367523600,67.5582232000,67.5682170200,2607315,178246833.7400
2023-09-22,67.2384209600,67.7081305000,61.4819806400,66.9685878200,4467288,293103766.0800
2023-09-25,67.4382973600,67.6381737600,65.3096137000,65.5394715600,2471902,163747338.8600
2023-09-26,65.3595828000,68.9373703600,64.9598300000,66.2190513200,3587058,240788229.1200
2023-09-27,65.7793232400,67.4083159000,64.4001760800,64.4001760800,3291053,216429872.2100
2023-09-28,64.4601390000,65.5594592000,62.8611278000,62.9210907200,3733721,238357053.3100
2023-10-09,63.3108497000,65.8592738000,62.4913564600,64.2502687800,3400409,218640273.3200
2023-10-10,64.2502687800,68.2877720600,64.0703800200,67.4882664600,6192164,412487377.8700
2023-10-11,66.9585940000,67.9479821800,65.7593356000,67.7081305000,4309664,288105924.9900
2023-10-12,67.7281181400,67.7281181400,65.3595828000,66.4089339000,3345955,221493049.8800
2023-10-13,66.4089339000,68.8374321600,65.5594592000,66.7487237800,3954292,266890973.3800
2023-10-16,66.3189895200,66.6287979400,62.4313935400,62.8911092600,3499473,223024250.5500
2023-10-17,62.8911092600,64.1603244000,61.8717396200,63.7905530600,2404937,152312584.7700
2023-10-18,63.7705654200,65.5794468400,62.9510721800,62.9610660000,2466759,158013067.6600
2023-10-19,62.6112823000,66.1590884000,61.9816716400,64.1403367600,3745330,242527708.4900
2023-10-20,63.4107879000,64.0603862000,57.9741498200,58.0141251000,4460491,268971856.5400
2023-10-23,57.4944464600,58.3838964400,53.4969184600,54.3763746200,3850873,213620050.8300
2023-10-24,54.9560161800,57.8442301600,54.0865538400,56.8248605200,3294507,185376926.6800
2023-10-25,56.8148667000,58.3139397000,56.3651448000,56.9347925400,2844221,163215710.0900
2023-10-26,56.5650212000,57.2046256800,54.1864920400,55.0459605600,2833243,156445628.4900
2023-10-27,55.7655156000,57.8542239800,55.1059234800,56.5250459200,3680006,208878189.4600
2023-10-30,55.6156083000,58.4238717200,54.9660100000,57.4844526400,3947092,224589022.8800
2023-10-31,58.8136307000,60.7624256000,56.9747678200,57.4144959000,3666040,214376873.3500
2023-11-01,56.4650830000,58.1640324000,56.0753240200,56.3051818800,2521513,143942636.0000
2023-11-02,56.3151757000,57.1146813000,55.3657628000,55.3757566200,2049483,114841001.8600
2023-11-03,55.6955588600,58.1640324000,55.4657010000,57.5444155600,3478903,198556989.5600
2023-11-06,57.9641560000,61.0822278400,57.4944464600,60.5125801000,4282962,255235597.9600
2023-11-07,60.7624256000,62.4613750000,59.9929014600,62.1415727600,3984311,244295691.2300
2023-11-08,61.8517519800,64.0403985600,61.5919126600,62.3614368000,4355357,274334977.3800
2023-11-09,63.0510103800,63.8904912600,61.7618076000,62.1415727600,3274309,205336914.5800
2023-11-10,62.1415727600,70.9561220000,62.0616222000,66.2290451400,9015856,606729939.0700
2023-11-13,66.9585940000,70.8961590800,64.6500215800,68.9673518200,8022317,546146749.2500
2023-11-14,68.5576052000,70.0366905600,67.1784580400,68.2877720600,5802628,398704004.2600
2023-11-15,69.9567400000,71.9455101800,67.9679698200,70.1466225800,6953387,487397238.6800
2023-11-16,68.7574816000,70.5163939200,67.4582850000,67.4582850000,4128294,283538964.2300
2023-11-17,67.4582850000,68.2577906000,66.4788906400,67.2084395000,3306259,222634409.9300
2023-11-20,67.8480439800,68.0479203800,65.6593974000,66.7287361400,3284244,218666809.5500
2023-11-21,66.7287361400,66.9785816400,64.6600154000,65.2396569600,2916773,191414126.6500
2023-11-22,65.6993726800,66.1391007600,63.4107879000,63.4507631800,3186631,206103551.6000
2023-11-23,62.7312081400,64.4001760800,62.0416345600,63.8904912600,2745859,174598127.9700
2023-11-24,63.8605098000,63.8605098000,61.1621784000,61.3620548000,2295961,142484972.5000
2023-11-27,61.3620548000,62.8111587000,59.5131981000,62.4313935400,2776838,170720028.8300
2023-11-28,61.8417581600,71.0660540200,61.5219559200,67.3583468000,7203431,483209807.2700
2023-11-29,67.5582232000,70.0366905600,66.5188659200,67.2584086000,4770949,325752594.4400
2023-11-30,66.5188659200,67.1784580400,65.0197929200,66.2590266000,2854512,188717414.5300
2023-12-01,66.1590884000,75.8830752600,65.4795086400,73.3846202600,10075303,716624056.7800
2023-12-04,71.3858562600,87.9456160000,71.3858562600,83.2485206000,11962552,963115143.4600
2023-12-05,81.8393919800,83.2485206000,78.5614190200,78.9511780000,7620614,615334476.2200
2023-12-06,78.5914004800,86.8063205200,77.0723398400,84.4177975400,9615344,778186940.4100
2023-12-07,81.9493240000,86.9262463600,80.4502510000,84.0979953000,7662474,638758265.3500
2023-12-08,83.6082981200,84.8175503400,78.5514252000,80.8000347000,8358043,682160683.5600
2023-12-11,79.6507454000,82.7488296000,76.7525376000,81.2497566000,6255917,497272593.1700
2023-12-12,81.2397627800,87.2860238800,80.4302633600,82.3590706200,6408934,538286122.6700
2023-12-13,81.5995403000,81.7994167000,77.7519196000,79.8506218000,5325946,423796124.1500
2023-12-14,80.4502510000,82.1392065800,76.3028157000,77.3321791600,4753806,375084962.6700
2023-12-15,77.4521050000,78.8412459800,75.6332297600,77.5220617400,3470627,268648004.8600
2023-12-18,77.8418639800,77.8418639800,72.4551950000,72.9748736400,4753286,352656227.2000
2023-12-19,72.9548860000,75.3833842600,72.2253371400,74.1941196800,4101910,302015706.9600
2023-12-20,74.1541444000,74.9536500000,69.6769130400,69.9267585400,3394193,242751893.4200
2023-12-21,70.1366287600,72.3552568000,68.3077597000,68.7275001400,4629167,325234728.6400
2023-12-22,70.1066473000,72.7949848800,69.1872158600,69.9567400000,7176968,510319828.3900
2023-12-25,68.9573580000,71.1559984000,63.0610042000,63.4007940800,7104145,470432988.4100
2023-12-26,63.2808682400,63.3408311600,58.1640324000,59.8429941600,5846988,349373468.6800
2023-12-27,60.3726666200,63.0510103800,58.6737172200,61.5019682800,5810278,354601275.3500
2023-12-28,60.8623638000,62.7611896000,59.7730374200,61.6618694000,4928441,301945689.4100
2023-12-29,61.8417581600,64.4601390000,60.2427469600,62.6212761200,5498107,346246862.5700
2024-01-02,54.0865538400,57.1646504000,50.0990196600,50.0990196600,20937254,1092585143.0900
2024-01-03,48.4600331800,48.8198107000,43.7629377800,44.8022950600,25318725,1153242119.8900
2024-01-04,44.3225917000,45.7417141400,43.9628141800,44.1926720400,11976540,536458850.9700
2024-01-05,44.5524495600,44.6324001200,42.6136484800,43.1633085800,9842447,426877224.5200
2024-01-08,42.9734260000,43.2532529600,41.7441861400,41.7841614200,7153465,301970583.4900
2024-01-09,42.4137720800,43.6330181200,42.2039018600,42.7835434200,9202696,394666121.7400
2024-01-10,42.6436299400,43.9728080000,41.0446187400,42.8634939800,8237803,352413803.6900
2024-01-11,42.9534383600,43.2932282400,41.8341305200,41.9340687200,11097969,470967549.2700
2024-01-12,41.7541799600,41.7841614200,40.3250637000,40.3250637000,8406616,343357116.7500
2024-01-15,40.0152552800,41.4743530000,39.6754654000,40.4549833600,7543715,306783198.3400
2024-01-16,40.0752182000,40.4849648200,39.1857682200,39.4156260800,6966740,276239564.0100
2024-01-17,39.4755890000,39.6254963000,37.5867570200,37.6067446600,7811354,299496378.1900
2024-01-18,37.7266705000,38.7260525000,37.1370351200,38.5761452000,9697504,366964713.6900
2024-01-19,39.0658423800,39.2557249600,37.4768250000,37.4768250000,7223168,276341534.2900
2024-01-22,37.8765778000,38.2563429600,35.5280301000,35.8878076200,8114243,300560516.4500
2024-01-23,36.2775666000,37.4868188200,35.8978014400,37.0770722000,11887724,437146542.6700
2024-01-24,37.5767632000,37.5767632000,34.7285245000,36.2375913200,10733356,383457322.7700
2024-01-25,35.7778756000,37.4368497200,35.5779992000,37.2169856800,11425831,420280540.1900
2024-01-26,37.0770722000,37.5867570200,36.0776902000,36.1476469400,9362226,344262164.2700
2024-01-29,36.4474615400,37.0770722000,34.1288953000,34.2288335000,9263303,326260660.7000
2024-01-30,33.4293279000,35.5280301000,33.0295751000,33.6591857600,9622533,330563250.7400
2024-01-31,33.9789880000,34.4686851800,31.7703537800,31.8003352400,10426324,342225744.8900
2024-02-01,31.9302549000,33.5592475600,31.4805330000,32.2900324200,9281475,302325227.7000
2024-02-02,32.2800386000,32.7997172400,29.6816454000,30.7909594200,9035828,283493918.2100
2024-02-05,30.7909594200,31.3805948000,26.5036106400,27.9826960000,12046968,344315324.8600
2024-02-06,27.4230420800,30.4711571800,26.8134190600,29.8015712400,11158218,320250123.3000
2024-02-07,29.4717751800,31.1307493000,27.4830050000,28.2825106000,15599203,460479002.7900
2024-02-08,28.3824488000,31.3006442400,27.0832522000,30.7210026800,17142996,506038946.3400
2024-02-19,31.7803476000,36.7272885000,30.7210026800,36.3575171600,22336323,744962063.3500
2024-02-20,34.9883638200,38.9758980000,34.9883638200,38.3063120600,29785712,1109621989.9400
2024-02-21,36.7472761400,40.2351193200,35.9877458200,37.9265469000,25260488,953460465.9000
2024-02-22,37.9765160000,41.7741676000,37.4168620800,40.6748474000,25873193,1023187731.4700
2024-02-23,41.4743530000,43.7429501400,40.4849648200,42.2338833200,22969759,972169857.1400
2024-02-26,42.7735496000,46.9709540000,41.3544271600,45.0721282000,26764306,1184979177.3000
2024-02-27,44.3525731600,47.2207995000,42.8834816200,46.2713866000,25775330,1170850351.4300
2024-02-28,45.7017388600,47.2207995000,40.0152552800,40.0252491000,31505365,1382677041.9000
2024-02-29,39.5755272000,44.9721900000,39.5255581000,44.0327709200,26069770,1117322755.7900
2024-03-01,43.9828018200,47.5605893800,43.7829254200,46.8610219800,27960398,1274000079.2600
2024-03-04,48.3600949800,49.7192545000,46.8110528800,48.8397983400,29209934,1419308646.1200
2024-03-05,47.7704596000,48.7698416000,45.4119180800,45.8216647000,30425764,1427753307.8600
2024-03-06,45.2720046000,47.2507809600,43.9927956400,46.3713248000,18762930,867236958.8800
2024-03-07,45.9615781800,46.5712012000,42.9734260000,43.3731788000,21635052,965898797.2100
2024-03-08,44.1726844000,47.0509045600,42.4737350000,46.9709540000,25964674,1180961499.7800
2024-03-11,46.8510281600,50.8585499800,46.3713248000,50.7686056000,32996462,1624779105.3800
2024-03-12,50.6686674000,53.6168443000,49.4494213600,49.6992668600,31268511,1587340907.6900
2024-03-13,50.7486179600,51.4381915400,49.5193781000,50.2689146000,23343820,1179093099.5000
2024-03-14,48.9797118200,51.2682966000,48.8697798000,50.9684820000,20451834,1029435616.1300
2024-03-15,50.5387477400,52.0478145600,50.0490505600,51.6980308600,19645487,1008765433.2200
2024-03-18,52.4675550000,53.5668752000,50.2689146000,52.4175859000,23119832,1209659512.5700
2024-03-19,52.4675550000,55.0659482000,51.8779196200,52.0578083800,24090012,1289208482.2800
2024-03-20,51.7180185000,55.1159173000,50.4687910000,54.4663190000,26429627,1391714120.1700
2024-03-21,57.8442301600,61.5619312000,56.4650830000,57.5544093800,35723937,2094299445.9600
2024-03-22,57.9641560000,60.4626110000,56.7549037800,56.7648976000,26455636,1550550480.6600
2024-03-25,56.1552745800,56.7648976000,52.0078392800,52.4575611800,27758978,1495726632.3500
2024-03-26,53.3869864400,55.4657010000,50.7985870600,52.6174623000,24180884,1300552204.7900
2024-03-27,51.4681730000,52.6174623000,48.2301753200,48.5699652000,21043463,1045979458.7800
2024-03-28,48.3201197000,51.5681112000,48.0902618400,50.8485561600,17669467,888292679.5900
2024-03-29,50.6786612200,53.8467021600,50.6786612200,53.1171533000,16797838,879533401.8100
2024-04-01,52.5674932000,54.9660100000,52.5674932000,53.6368319400,14933051,800086181.3800
2024-04-02,55.5656392000,55.9454043600,50.9684820000,52.4575611800,18785361,1006260870.3800
2024-04-03,51.9678640000,55.9753858200,51.4681730000,54.0265909200,24124123,1302429002.9500
2024-04-08,53.7667516000,53.9566341800,50.2689146000,50.6186983000,16763923,870672171.6600
2024-04-09,51.1683584000,51.5581173800,45.9715720000,48.7198725000,19510723,936144212.7100
2024-04-10,48.9697180000,49.1695944000,43.5330799200,44.2726226000,24112737,1091349514.8200
2024-04-11,44.2326473200,45.7117326800,43.6729934000,44.0727462000,16613561,745032759.5900
2024-04-12,44.3625669800,45.7517079600,44.0227771000,44.3925484400,14557534,652642440.2400
2024-04-15,43.5030984600,43.8428883400,39.8353665200,40.9646681800,24446228,1011775160.2100
2024-04-16,40.1751564000,40.3950204400,37.1270413000,37.4068682600,18178378,700421381.0900
2024-04-17,41.9740440000,44.8922394400,41.4743530000,44.8922394400,20349965,886529726.7400
2024-04-18,46.9709540000,47.8204287000,45.8916214400,46.3613309800,38947156,1821669590.1100
2024-04-19,45.9715720000,46.7211085000,43.7929192400,44.9721900000,25288483,1139254642.8900
2024-04-22,42.9734260000,46.3713248000,42.0040254600,45.8416523400,23030073,1038254325.1400
2024-04-23,46.2114236800,46.5811950200,44.6723754000,45.0121652800,18555070,843397835.7700
2024-04-24,45.4718810000,47.1608365800,44.8522641600,46.9609601800,23461669,1086985248.7000
2024-04-25,46.1714484000,51.6680494000,45.9515843600,49.1695944000,31332127,1531193191.2100
2024-04-26,49.1795882200,53.4669370000,48.9697180000,51.4981544600,31900892,1635587089.2100
2024-04-29,51.9578701800,53.1471347600,50.9684820000,52.5275179200,24697078,1294099769.1300
2024-04-30,52.6274561200,54.2964240600,52.0578083800,52.1077774800,23054569,1221961793.6000
2024-05-06,52.9672460000,53.8467021600,52.2976600600,52.7174005000,20013684,1060583235.0800
2024-05-07,52.9272707200,53.7967330600,50.7885932400,51.0584263800,23642895,1237326195.5600
2024-05-08,51.0584263800,53.2570667800,50.3688528000,51.6780432200,21037758,1096227801.9800
2024-05-09,52.4675550000,54.8460841600,51.7679876000,53.6967948600,25122919,1334667933.7800
2024-05-10,53.2670606000,53.3170297000,50.8485561600,51.0084572800,19278693,997827475.2400
2024-05-13,49.9591061800,51.7979690600,48.9397365400,49.4494213600,18278277,918485022.2500
2024-05-14,49.9691000000,50.3588589800,48.3401073400,49.1695944000,13787756,680068961.7500
2024-05-15,49.4893966400,50.2189455000,47.7304843200,49.6592915800,14277665,702369190.0400
2024-05-16,50.4687910000,50.7586117800,48.5499775600,48.6998848600,16054493,797769114.5100
2024-05-17,47.9703360000,48.3900764400,46.1714484000,47.8903854400,18090044,856343428.3900
2024-05-20,47.0808860200,48.6499157600,47.0209231000,48.5699652000,14515423,698509563.0300
2024-05-21,48.5499775600,49.2395511400,47.1208613000,47.2407871400,12424791,598385262.2800
2024-05-22,47.1708304000,47.9503483600,46.3713248000,47.7204905000,11273934,533426478.3700
2024-05-23,48.3600949800,48.3600949800,46.3913124400,46.6711394000,13663143,646702493.7300
2024-05-24,46.6311641200,47.1708304000,43.7929192400,43.8029130600,18682754,839067773.5200
2024-05-27,43.9528203600,47.2607747800,43.1633085800,47.1708304000,20675765,933432808.1400
2024-05-28,47.2607747800,49.3494831600,46.2713866000,46.6711394000,23813815,1139012898.1400
2024-05-29,46.2414051400,47.4706450000,46.0515225600,46.7211085000,11285228,526861320.2900
2024-05-30,46.5512135600,49.0996376600,45.9815658200,48.6199343000,23773706,1149124662.7900
2024-05-31,48.2101876800,49.2295573200,47.8304225200,48.0902618400,16786291,812883612.5800
2024-06-03,49.9691000000,55.9653920000,49.9691000000,55.1558925800,49269569,2637324754.5400
2024-06-04,53.9766218200,56.7149285000,53.6568195800,55.9054290800,32365366,1787513850.2800
2024-06-05,55.8654538000,57.2745824200,55.0259729200,55.0759420200,24272850,1358947838.1600
2024-06-06,56.3651448000,56.5650212000,53.9666280000,54.4463313600,22688531,1259117737.0000
2024-06-07,54.9160409000,55.7954970600,52.4175859000,54.0066032800,18926234,1026910179.5900
2024-06-11,54.1265291200,58.7636616000,53.8467021600,58.4238717200,32811750,1870607319.1100
2024-06-12,57.8642178000,58.9735318200,57.1546565800,58.3639088000,24302212,1416597319.3900
2024-06-13,59.1634144000,60.4126419000,56.9647740000,57.2645886000,31489460,1850356555.6100
2024-06-14,56.5550273800,58.2639706000,55.2458369600,55.2458369600,46628597,2640431537.2300
2024-06-17,55.2658246000,56.7648976000,54.5662572000,56.7648976000,25790760,1444189816.9900
2024-06-18,56.4650830000,57.6243661200,55.8754476200,56.6949408600,19536202,1106961182.2200
2024-06-19,58.9635380000,62.9510721800,57.0747060200,60.4126419000,44091482,2624156923.3100
2024-06-20,60.4426233600,64.3502069800,59.6830930400,61.4719868200,39138708,2425927084.1600
2024-06-21,59.9629200000,63.9104789000,58.5637852000,63.2608806000,28735885,1756414476.3700
2024-06-24,62.6212761200,65.7093665000,59.1434267600,60.2227593200,36221215,2284107365.1100
2024-06-25,60.1727902200,60.4626110000,56.0453425600,57.4644650000,26623170,1547946137.4200
2024-06-26,57.9641560000,62.4613750000,57.2446009600,62.4613750000,27447297,1637744142.4400
2024-06-27,61.2621166000,63.3208435200,60.8223885200,61.4619930000,24450060,1518042239.7200
2024-06-28,61.0622402000,65.1397187600,60.9722958200,64.1103553000,29169953,1857064459.5000
2024-07-01,63.7605716000,66.4589030000,62.8811154400,66.4189277200,25729399,1667345151.2000
2024-07-02,66.3589648000,66.8386681600,62.0216469200,62.1115913000,26128360,1689103697.4700
2024-07-03,62.4613750000,65.4695148200,60.5625492000,64.2102935000,23836315,1516133950.8700
2024-07-04,63.8605098000,64.8598918000,61.5419435600,62.4613750000,19523694,1232338873.8000
2024-07-05,61.7518137800,64.4201637200,60.7324441400,63.1409547600,18849479,1186944519.4800
2024-07-08,63.1909238600,65.5594592000,63.1609424000,63.8305283400,19408812,1249899121.8000
2024-07-09,63.4807446400,67.3283653400,62.8411401600,67.3183715200,27999362,1826516755.0400
2024-07-10,66.0491563800,67.1884518600,65.3595828000,65.8892552600,19637973,1302750174.4100
2024-07-11,66.9186187200,68.4476731800,65.1297249400,66.6887608600,23372592,1565803396.4700
2024-07-12,65.0597682000,66.6188041200,63.5407075600,65.5994344800,17892258,1168818490.6800
2024-07-15,65.5894406600,66.8886372600,63.4607570000,63.8205345200,16922529,1100255757.1200
2024-07-16,63.2009176800,63.9604480000,59.2933340600,61.8417581600,31520901,1940384693.3900
2024-07-17,60.9623020000,62.4613750000,58.5138161000,58.6637234000,26049124,1579547885.9400
2024-07-18,57.0447245600,60.4526171800,56.2152375000,59.6830930400,24944274,1452925805.3400
2024-07-19,58.5637852000,60.8423761600,58.0241189200,58.2339891400,24536106,1455721733.2600
2024-07-22,58.3539149800,58.7136925000,57.1946318600,57.8342363400,16217647,937150205.5400
2024-07-23,57.5743970200,58.7636616000,55.0559543800,55.1658864000,18897815,1076069321.8400
2024-07-24,55.1658864000,56.7349161400,53.0971656600,54.0066032800,17938541,988456813.1600
2024-07-25,52.9672460000,54.3563869800,52.5874808400,53.1471347600,13244952,706127757.4000
2024-07-26,52.9972274600,53.2970420600,51.5781050200,52.4275797200,15965878,838494476.5900
2024-07-29,52.4275797200,53.5069122800,51.5980926600,52.0977836600,13735578,720795668.9700
2024-07-30,51.7479999600,53.0671842000,50.8785376200,52.7973510600,13908475,726816027.2800
2024-07-31,52.2576847800,56.1252931200,51.8179567000,55.5156701000,23013223,1254240360.8400
2024-08-01,56.2652066000,57.8941992600,55.5656392000,56.6749532200,21222772,1200138969.9900
2024-08-02,55.5456515600,56.6849470400,53.8367083400,53.8766836200,17031160,938107707.5700
2024-08-05,52.7373881400,53.3070358800,48.5499775600,48.5699652000,22644700,1150601151.4200
2024-08-06,50.9684820000,51.4781668200,48.8797736200,49.8291865200,12428266,617311656.3200
2024-08-07,49.4694090000,50.2189455000,48.1702124000,48.6299281200,11556967,567893196.9800
2024-08-08,47.8504101600,49.5793410200,47.1408489400,48.3301135200,12583183,607232496.2900
2024-08-09,49.5793410200,50.2689146000,48.9197489000,48.9397365400,12826015,634936245.3900
2024-08-12,48.5999466600,49.3195017000,47.3707068000,48.0003174600,9125937,439094396.9700
2024-08-13,48.0602803800,49.7692236000,47.9703360000,49.6892730400,11810774,579434259.8800
2024-08-14,50.4288157200,50.5187601000,49.2595387800,49.4094460800,11804205,589692307.6400
2024-08-15,49.3694708000,51.3182657000,49.1695944000,50.7086426800,14724635,744199550.2000
2024-08-16,51.2782904200,51.6480617600,50.1789702200,50.6486797600,12729489,648852995.0300
2024-08-19,49.7692236000,50.3188837000,48.5699652000,48.6599095800,11623132,574417426.9600
2024-08-20,48.9497303600,49.1196253000,47.4606511800,47.5705832000,9613445,462773494.6200
2024-08-21,47.4706450000,48.0203051000,45.7617017800,45.8716338000,14552411,679943946.8100
2024-08-22,45.8716338000,46.1714484000,44.7723136000,45.1021096600,9790901,444281364.1400
2024-08-23,44.3725608000,45.8716338000,43.6030366600,44.9322147200,14271386,633801506.9900
2024-08-26,45.1820602200,45.2220355000,42.8335125200,43.0134012800,14131571,618091378.3400
2024-08-27,42.9434445400,43.8728698000,42.5037164600,42.7435681400,10641993,459097204.0100
2024-08-28,42.7435681400,43.2732406000,42.2338833200,42.6736114000,7098193,303119579.3000
2024-08-29,42.2838524200,43.8129068800,41.8541181600,43.3631849800,11298262,486954600.8900
2024-08-30,43.3731788000,46.1314731200,43.1333271200,45.1720664000,18853382,850392986.7200
2024-09-02,44.5324619200,45.3019860600,42.9934136400,43.0533765600,12222145,538937364.5300
2024-09-03,42.9834198200,44.8722518000,42.9834198200,43.9028512600,10867698,478689568.6400
2024-09-04,43.0733642000,44.4125360800,43.0134012800,43.7329563200,7984638,349060743.8800
2024-09-05,43.7529439600,44.5024804600,43.1932900400,43.4631231800,7289282,319527175.5700
2024-09-06,43.7729316000,43.8728698000,42.4537473600,42.5237041000,8218946,353754974.6100
2024-09-09,42.0839760200,42.9334507200,41.9740440000,42.4637411800,5774552,245319617.9700
2024-09-10,42.4537473600,44.0427647400,41.8741058000,43.7529439600,10268861,441953903.9300
2024-09-11,43.4031602600,44.0127832800,43.0833580200,43.4731170000,7430411,322987682.4600
2024-09-12,43.9728080000,44.1626905800,42.1839142200,42.2538709600,10051496,431723444.2700
2024-09-13,42.2538709600,42.6536237600,41.0845940200,41.3944024400,8952466,374120723.5800
2024-09-18,41.3844086200,41.6142664800,40.4749710000,41.1045816600,6825664,279925280.5100
2024-09-19,41.3844086200,42.5237041000,40.8847176200,41.7241985000,8768057,366273655.2300
2024-09-20,42.4737350000,42.4737350000,40.7747856000,40.7747856000,8261299,341891191.0300
2024-09-23,40.7747856000,41.4643591800,40.1951440400,40.3750328000,6799386,277362843.4900
2024-09-24,40.7747856000,43.9828018200,40.1051996600,43.7329563200,17916609,759189125.2600
2024-09-25,44.0727462000,45.9315967200,43.9927956400,44.1726844000,19298450,869881162.2600
2024-09-26,45.2120416800,47.1708304000,44.7123506800,47.1708304000,25412093,1166756442.0600
2024-09-27,47.8803916200,51.2982780600,46.7410961400,50.4687910000,20641003,1000935306.4500
2024-09-30,52.8373263400,60.5625492000,52.2676786000,60.5625492000,37157635,2112659873.2100
2024-10-08,72.6750590400,72.6750590400,66.8486619800,72.6750590400,38739823,2786553728.8000
2024-10-09,67.9579760000,84.0380323800,66.9785816400,72.3652506200,53793716,4005974608.4400
2024-10-10,71.8555658000,73.2846820600,59.9529261800,66.3389771600,33998169,2312705810.0500
2024-10-11,64.3202255200,66.6687732200,59.9629200000,60.9722958200,27382179,1712356428.2800
2024-10-14,61.9017210800,65.4595210000,59.1534205800,65.4295395400,29154381,1834182884.2700
2024-10-15,64.9598300000,68.5276237400,63.2009176800,63.3608188000,27828535,1824084847.2400
2024-10-16,60.7624256000,63.9504541800,60.7624256000,61.7618076000,18171228,1130766998.0500
2024-10-17,63.1909238600,64.4901204600,61.8317643400,61.9616840000,20395504,1288340527.1900
2024-10-18,62.9610660000,73.4545770000,61.6318879400,68.4576670000,41976464,2800619735.9400
2024-10-21,69.2571726000,74.7537736000,67.0485383800,67.6181861200,45120152,3170917248.7500
2024-10-22,66.9585940000,69.3071417000,65.7593356000,67.2184333200,27250339,1838668730.9600
2024-10-23,66.9585940000,67.8480439800,64.9898114600,65.5394715600,21337021,1421250170.3700
2024-10-24,64.9598300000,68.1078833000,64.4101699000,66.3789524400,22029984,1460676541.2700
2024-10-25,67.7580996000,68.2378029600,65.0197929200,67.2584086000,23440894,1567168072.4000
2024-10-28,66.2290451400,66.5988164800,64.6700092200,65.2296631400,20302831,1327406850.5200
2024-10-29,65.2096755000,66.4589030000,63.4607570000,63.4607570000,21558105,1393545471.9700
2024-10-30,63.6006704800,63.9704418200,61.1721722200,62.8811154400,18142740,1136121321.7600
2024-10-31,61.4619930000,63.6406457600,59.7330621400,62.4913564600,26585629,1650156085.2500
2024-11-01,61.4819806400,63.2408929600,59.1434267600,59.3632908000,20734922,1262364335.5900
2024-11-04,59.9629200000,61.5519373800,59.5631672000,60.8723576200,12929777,785571300.8500
2024-11-05,60.9023390800,64.9498361800,60.3626728000,64.6500215800,25437247,1617384378.7600
2024-11-06,64.9898114600,66.1091193000,63.5606952000,63.8605098000,24600728,1598011700.7500
2024-11-07,62.5813008400,66.0091811000,62.5613132000,65.7093665000,20944037,1355501984.0500
2024-11-08,67.7680934200,69.2571726000,65.7493417800,66.0391625600,30549260,2058948369.6400
2024-11-11,67.4582850000,70.9561220000,66.6587794000,70.9561220000,37032738,2561101330.0800
2024-11-12,72.9548860000,72.9548860000,67.1584704000,68.5675990200,29202771,2031734770.5700
2024-11-13,67.7580996000,68.4476731800,66.2490327800,67.9779636400,18235214,1229183779.0000
2024-11-14,67.4582850000,68.2178153200,63.9804356400,64.4301575400,17479169,1157961649.6700
2024-11-15,63.9904294600,65.0097991000,60.8423761600,60.9423143600,16687695,1051533046.6900
2024-11-18,61.1222031200,61.4919744600,57.0447245600,57.7542857800,16042440,944622332.4100
2024-11-19,57.9441683600,60.7424379600,57.6343599400,60.7224503200,14152318,836256695.3100
2024-11-20,59.9629200000,61.2621166000,59.0534823800,60.4626110000,11191338,675782713.4000
2024-11-21,60.7024626800,60.8223885200,58.5937666600,59.4632290000,12469696,746655549.1400
2024-11-22,59.3433031600,60.5625492000,56.2052436800,56.3651448000,14036189,823041292.2300
2024-11-25,56.9647740000,58.6637234000,56.1152993000,57.8742116200,13325639,765652301.3100
2024-11-26,57.4644650000,58.2639706000,56.5650212000,56.7249223200,9010117,516074271.5700
2024-11-27,56.9547801800,59.4432413600,55.2658246000,59.4332475400,15406722,887394777.3800
2024-11-28,59.4532351800,60.2627346000,58.4938284600,58.8835874400,13067867,775460988.9900
2024-11-29,58.3439211600,60.7524317800,57.0647122000,59.7330621400,16951382,1002551618.9100
2024-12-02,59.4632290000,60.2927160600,59.1734082200,59.6930868600,13252884,792681647.6800
2024-12-03,60.1128273000,60.7424379600,57.9341745400,58.4938284600,12549235,740268066.2200
2024-12-04,60.4226357200,61.0422525600,58.5737790200,58.7236863200,16984691,1020689061.5900
2024-12-05,58.0241189200,59.6231301200,57.9641560000,58.7636616000,9284981,546621223.3900
2024-12-06,58.7736554200,60.3526789800,57.6243661200,60.2627346000,14858218,881559692.7700
2024-12-09,60.0328767400,60.0328767400,57.8442301600,58.2539767800,11234289,661136329.7200
2024-12-10,60.9722958200,61.8617458000,58.5837728400,58.7936430600,14571804,875272818.5500
2024-12-11,58.4738408200,60.6524935800,58.2939520600,60.2627346000,13224039,791403318.0200
2024-12-12,60.3526789800,60.4226357200,58.9735318200,60.1727902200,10160044,608545441.9100
2024-12-13,59.1834020400,65.2596446000,58.8735936200,62.2714924200,32960177,2049576328.0900
2024-12-16,61.8917272600,63.9604480000,60.4726048200,61.4619930000,22306008,1399215711.0600
2024-12-17,60.5625492000,61.2221413200,59.0634762000,59.3033278800,12817265,767560278.4500
2024-12-18,59.7030806800,63.3208435200,57.6843290400,62.1615604000,23410855,1428022179.0100
2024-12-19,60.4726048200,64.2202873200,59.9729138200,63.8505159800,25439476,1604113795.8600
2024-12-20,63.8605098000,71.5557512000,63.3208435200,67.5981984800,42377121,2841709735.1000
2024-12-23,66.9585940000,69.2571726000,65.5394715600,65.6593974000,29203929,1968870587.8600
2024-12-24,66.3189895200,70.1366287600,63.1409547600,69.6769130400,35527125,2375467057.0100
2024-12-25,69.9567400000,72.9848674600,67.1584704000,67.9679698200,41319891,2917335558.9800
2024-12-26,66.9585940000,70.8361961600,66.4589030000,70.2365669600,34087362,2367683104.1900
2024-12-27,69.9567400000,71.6357017600,65.9592120000,65.9991872800,33140391,2283431139.9400
2024-12-30,65.5594592000,67.4582850000,64.6800030400,64.8399041600,19806380,1305526534.0400
2024-12-31,64.7499597800,65.2396569600,61.6618694000,61.9317025400,20405633,1294707749.6100
2025-01-02,61.8617458000,62.4913564600,58.7836492400,59.4832166400,18557846,1125995361.8000
2025-01-03,59.9829076400,61.0622402000,58.5138161000,59.3233155200,17237764,1032374156.2600
2025-01-06,59.5831548400,60.2227593200,56.6349779400,56.9347925400,14040203,816704432.9000
2025-01-07,57.1746442200,58.8136307000,55.9753858200,58.5637852000,17836643,1025771837.3700
2025-01-08,57.1646504000,59.3632908000,55.0459605600,58.4738408200,19731255,1132279260.0300
2025-01-09,57.4045020800,59.9329385400,57.3745206200,58.9535441800,17785000,1053493994.5400
2025-01-10,58.8635998000,60.2427469600,56.4550891800,56.4650830000,17363674,1022790463.4400
2025-01-13,54.3663808000,55.9653920000,53.8666898000,55.7855032400,12663774,698229326.9400
2025-01-14,56.2152375000,59.2433649600,55.5756330200,59.0834638400,17617716,1021221452.3700
2025-01-15,58.7536677800,59.9429323600,58.4138779000,58.8136307000,13942446,825386315.0500
2025-01-16,59.4632290000,60.1428087600,57.2346071400,58.1940138600,14508220,849707144.2700
2025-01-17,58.0341127400,59.7730374200,56.8948172600,58.6937048600,15578476,912098313.6300
2025-01-20,59.1034514800,59.9329385400,58.6637234000,59.1634144000,11113681,658670499.7200
2025-01-21,59.5431795600,62.4913564600,58.6637234000,61.8717396200,23472511,1426803049.0800
2025-01-22,60.9623020000,62.9510721800,60.7624256000,62.5513193800,19292176,1200866327.7700
2025-01-23,63.7605716000,64.3502069800,60.8223885200,60.8823514400,19468792,1221367142.6900
2025-01-24,60.8923452600,63.6206581200,60.8923452600,63.0410165600,18904999,1180305372.8000
2025-01-27,63.0410165600,63.4607570000,59.4632290000,59.4632290000,14035865,860138309.5300
2025-02-05,60.7524317800,65.2296631400,59.7630436000,62.9510721800,21050593,1312445294.7100
2025-02-06,61.9616840000,65.6793850400,61.9616840000,65.3895642600,24012903,1555838866.8700
2025-02-07,65.3895642600,66.4589030000,63.1109733000,64.4301575400,28396492,1846374415.9100
2025-02-10,64.4301575400,66.0391625600,64.0104171000,64.8898732600,21431249,1391922618.5600
2025-02-11,64.5700710200,64.6500215800,62.6712452200,62.6912328600,17086482,1082056979.4100
2025-02-12,62.4613750000,64.1403367600,62.0016592800,63.7605716000,20346284,1282991370.3600
2025-02-13,63.3108497000,63.5307137400,61.2721104200,61.5719250200,18850783,1173131039.8400
2025-02-14,61.5619312000,63.7305901400,60.0228829200,63.1109733000,22245540,1377487312.5500
2025-02-17,63.7605716000,65.1597064000,62.7911710600,64.3402131600,23387105,1496965225.2700
2025-02-18,64.3502069800,64.8498979800,61.3620548000,61.4619930000,20162311,1273891435.3200
2025-02-19,61.9616840000,64.9598300000,61.9516901800,64.8099227000,29261681,1877751766.8700
2025-02-20,66.3589648000,68.4876484600,65.1397187600,67.0385445600,38438690,2563059149.7400
2025-02-21,66.7587176000,68.7175063200,66.4189277200,68.2378029600,35289839,2394401268.7200
2025-02-24,68.4876484600,72.8349601600,68.4876484600,70.5563692000,40539816,2874748898.8800
2025-02-25,68.6375557600,72.5351455600,67.9579760000,68.7874630600,33497942,2336415388.6800
2025-02-26,69.6069563000,74.1541444000,66.8386681600,73.4245955400,45335830,3205379711.1000
2025-02-27,74.4539590000,77.7219381400,71.7856090600,77.3121915200,49686286,3705166302.3100
2025-02-28,77.2122533200,82.2491386000,72.9548860000,75.0136129200,54370072,4184588138.2500
2025-03-03,75.9530320000,76.9424201800,70.2565546000,70.8361961600,41238489,3024472835.2800
2025-03-04,69.1872158600,74.8237303400,69.1072653000,73.1247809400,34200935,2465110896.8300
2025-03-05,73.9542680000,74.8537118000,71.3558748000,73.4245955400,23856071,1742596250.7100
2025-03-06,74.0442123800,75.8530938000,72.4751826400,73.3046697000,30386340,2250236711.4500
2025-03-07,71.9854854600,79.2310049600,70.8861652600,76.9424201800,46546338,3510010667.1600
2025-03-10,76.9324263600,79.2110173200,75.7531556000,78.0917094800,29169819,2262707056.7800
2025-03-11,76.6326117600,78.5314375600,75.3334151600,77.1722780400,19771746,1523048084.9100
2025-03-12,77.5320555600,79.6107701200,75.0635820200,75.0635820200,24053730,1876916104.7400
2025-03-13,74.4539590000,75.6532174000,71.5057821000,72.3452629800,21076776,1539807482.1200
2025-03-14,72.9548860000,77.4521050000,72.4651888200,77.2522286000,26039842,1940861172.5400
2025-03-17,77.4521050000,80.2803560600,76.4527230000,79.5308195600,25201000,1991344575.0000
2025-03-18,79.3609246200,85.9368581800,78.9211965400,79.4408751800,35862439,2944419616.6800
2025-03-19,80.2403807800,80.6301397600,77.6319937600,78.2516106000,20867887,1645042666.2400
2025-03-20,77.9318083600,78.3115735200,75.5732668400,75.9530320000,15806264,1211994608.4100
2025-03-21,75.1535264000,76.9524140000,72.7150343200,72.7550096000,20038130,1496468357.8200
2025-03-24,73.9042989000,73.9342803600,70.3065237000,72.9648798200,16099617,1163384347.1400
2025-03-25,72.9548860000,73.4545770000,68.8574198000,69.4570490000,18314618,1295691918.4100
2025-03-26,69.5769748400,72.7949848800,69.3571108000,70.5663630200,18137610,1292171985.1600
2025-03-27,71.2459427800,73.3246573400,70.5663630200,71.6556894000,15976688,1149199659.5000
2025-03-28,71.6556894000,72.4452011800,69.6869068600,69.9467461800,12385963,875147188.5500
2025-03-31,69.4070799000,71.8455719800,68.1578524000,71.4658068200,15063424,1057153535.5600
2025-04-01,71.5057821000,72.0854236600,69.7768512400,69.7868450600,12053916,855460940.4100
2025-04-02,69.7868450600,70.6263259400,69.2571726000,69.6469315800,8290014,579332008.7900
2025-04-03,67.9879574600,70.4564310000,66.8886372600,67.2484147800,12068089,825282318.1400
2025-04-07,61.9616840000,63.9204727200,54.6661954000,56.9647740000,25943063,1532400744.3900
2025-04-08,58.4638470000,59.5631672000,56.0453425600,57.4444773600,19164677,1110883517.8700
2025-04-09,55.7255403200,59.7530497800,51.9678640000,58.9235627200,20785311,1194856901.2800
2025-04-10,61.8617458000,62.6112823000,60.2627346000,60.2627346000,18563696,1139016517.8300
2025-04-11,59.8629818000,64.5500833800,59.5631672000,63.2708744200,23850432,1493416747.9100
2025-04-14,64.6300339400,64.8199165200,62.9710598200,63.2808682400,14084379,897796025.8600
2025-04-15,63.2808682400,63.5407075600,61.6918508600,62.2714924200,10204186,636017723.3400
2025-04-16,62.2415109600,62.9210907200,60.2127655000,61.4120239000,10565945,650861824.0800
2025-04-17,61.3420671600,62.6712452200,60.1827840400,60.3426851600,11972273,737388000.2200
2025-04-18,60.1128273000,60.7724194200,59.4632290000,60.1128273000,9035222,543100311.0600
2025-04-21,60.4626110000,61.7518137800,59.6331239400,61.7518137800,10806023,657765819.3800
2025-04-22,61.4619930000,62.1615604000,60.7024626800,61.0622402000,9535898,585264848.1800
2025-04-23,61.6618694000,62.2614986000,61.1521845800,61.8617458000,10777109,666778147.0100
2025-04-24,61.9616840000,62.3314553400,59.7830312400,60.4026480800,10635341,645215300.3600
2025-04-25,60.5625492000,62.1915418600,60.2427469600,61.3820424400,11568474,711850381.2000
2025-04-28,60.4626110000,61.2121475000,59.4032660800,59.7630436000,10125893,608231350.0800
2025-04-29,59.0734700200,61.7118385000,59.0235009200,61.4819806400,12214663,740471121.3400
2025-04-30,58.4638470000,63.0909856600,57.7742734200,62.2914800600,23528373,1423791731.2400
2025-05-06,62.6312699400,64.4001760800,62.1615604000,64.1603244000,14207181,902668971.2700
2025-05-07,64.9598300000,65.5694530200,63.4107879000,63.7605716000,11122069,715926563.1400
2025-05-08,64.9098609000,65.4595210000,64.0304047400,64.6800030400,10152360,658807345.9300
2025-05-09,64.4401513600,64.4501451800,61.9516901800,61.9616840000,11740453,735585240.1500
2025-05-12,62.5613132000,63.9004850800,62.4913564600,63.8605098000,8789277,557018867.5000
2025-05-13,64.9498361800,65.0697620200,63.1609424000,63.2109115000,8901887,571406907.6500
2025-05-14,63.8105407000,64.3602008000,62.8611278000,63.6706272200,8669919,552342202.7000
2025-05-15,63.6606334000,63.6606334000,61.3220795200,61.4420053600,7230461,450518120.0200
2025-05-16,60.9623020000,61.8017828800,60.9623020000,61.2521227800,5695978,349500967.2800
2025-05-19,61.4220177200,61.7418199600,59.9829076400,61.3620548000,5474707,334198748.1000
2025-05-20,61.3720486200,62.3314553400,60.8623638000,61.5019682800,5570019,343626213.1900
2025-05-21,61.2321351400,61.2321351400,59.9629200000,60.0528643800,6253664,377585106.0000
2025-05-22,60.0228829200,61.3420671600,59.6331239400,59.7030806800,5520309,333229568.5900
2025-05-23,59.7030806800,60.1128273000,58.0840818400,58.0840818400,6674143,394849267.8400
2025-05-26,57.3845144400,57.9641560000,55.6855650400,57.9541621800,9112612,519774546.9700
2025-05-27,57.9541621800,58.0441065600,56.4550891800,56.4650830000,5620909,320306424.3300
2025-05-28,56.7149285000,57.2146195000,56.2851942400,57.0047492800,4402019,250077283.5000
2025-05-29,57.0547183800,57.8742116200,56.9447863600,57.0147431000,7534431,432955464.3300
2025-05-30,56.9947554600,57.5144341000,55.9753858200,56.0453425600,5397726,305096615.8500
2025-06-03,56.0453425600,58.4138779000,55.9653920000,57.8842054400,8829362,508738479.2200
2025-06-04,57.9841436400,59.6031424800,57.9841436400,59.1134453000,8218341,485335848.9300
2025-06-05,59.3033278800,61.7318261400,58.7636616000,61.6318879400,11314208,682604100.5500
2025-06-06,61.5219559200,62.9410783600,60.5425615600,61.9217087200,9024524,557571855.4600
2025-06-09,62.0316407400,62.9610660000,61.3620548000,62.1615604000,8137207,505712974.4300
2025-06-10,61.9716778200,62.4513811800,59.5631672000,59.9629200000,8999971,543973412.6600
2025-06-11,60.1627964000,61.5719250200,59.9629200000,60.2227593200,6236461,378037048.0800
2025-06-12,60.9623020000,61.4220177200,59.5331857400,59.5431795600,7077267,428299454.2000
2025-06-13,58.8136307000,60.1428087600,57.5544093800,58.2539767800,12226088,716263323.8600
2025-06-16,57.9641560000,59.7330621400,57.7143105000,59.0534823800,7185875,423249000.0300
2025-06-17,59.0734700200,63.5407075600,59.0734700200,61.7817952400,17172498,1055734016.2000
2025-06-18,61.7218323200,63.8105407000,61.4619930000,63.8105407000,16432917,1036086635.8600
2025-06-19,63.8105407000,64.2602626000,62.7112205000,63.2608806000,11880780,754340154.5900
2025-06-20,63.2908620600,63.7605716000,61.9816716400,62.4513811800,8000997,501340987.5600
2025-06-23,61.7518137800,64.6100463000,61.5919126600,64.3002378800,14168747,907658203.0000
2025-06-24,64.8598918000,65.3096137000,63.7605716000,65.2596446000,10925766,707340393.5100
2025-06-25,65.9392243600,66.9486001800,64.6500215800,66.6188041200,14409883,953215807.5100
2025-06-26,66.4589030000,67.2484147800,65.4695148200,65.7593356000,11033192,729547744.4900
2025-06-27,66.9585940000,68.6575434000,65.8592738000,67.4582850000,15513415,1043407687.6400
2025-06-30,67.6381737600,67.9479821800,66.3889462600,67.3583468000,11798881,790390978.6300
2025-07-01,67.1584704000,69.6369377600,66.4888844600,67.7580996000,14986080,1025555066.5000
2025-07-02,67.0385445600,67.4582850000,65.8392861600,66.0991254800,7999358,530602977.8300
2025-07-03,65.9092429000,67.0385445600,65.2096755000,66.2590266000,8855266,583951290.2400
2025-07-04,66.0691440200,66.5488473800,64.6600154000,64.9298485400,9065780,592156892.5300
2025-07-07,64.9098609000,65.2596446000,63.9804356400,64.4801266400,4524526,291836195.9200
2025-07-08,65.1197311200,65.8093047000,64.5101081000,65.4994962800,7091449,464582354.5500
2025-07-09,65.5094901000,65.7593356000,64.8099227000,64.9598300000,4930518,321783098.7000
2025-07-10,64.4001760800,66.1590884000,64.3801884400,65.6693912200,5965642,391405439.1900
2025-07-11,65.2896260600,67.0585322000,64.9598300000,66.7287361400,8180022,542926360.9700
2025-07-14,66.8286743400,67.1784580400,66.0391625600,66.3189895200,4130265,275061233.0900
2025-07-15,66.3889462600,66.6887608600,63.9904294600,64.8299103400,7767935,506278675.1200
2025-07-16,64.7599536000,65.8192985200,64.1603244000,64.2702564200,6123559,397920812.9300
2025-07-17,64.0603862000,64.8099227000,63.2608806000,64.7299721400,9327400,598395236.6700
2025-07-18,64.7099845000,65.1896878600,62.5613132000,63.0510103800,11256337,714607000.5100
2025-07-21,63.1609424000,64.2602626000,62.8411401600,63.8804974400,6605009,421225199.4900
2025-07-22,63.5706890200,64.2602626000,63.0610042000,63.1809300400,5931608,377115423.2900
2025-07-23,63.0210289200,64.2302811400,63.0210289200,63.2109115000,5992654,381913366.5300
2025-07-24,63.4607570000,64.7599536000,63.2608806000,64.4601390000,7733934,497179883.1700
2025-07-25,64.4701328200,65.1996816800,63.5407075600,64.7399659600,8619816,553555119.1000
2025-07-28,64.7599536000,65.0897496600,64.1703182200,64.4101699000,6314003,408214262.8100
2025-07-29,64.5900586600,66.2290451400,64.1903058600,65.6893788600,12151297,794628347.6400
2025-07-30,65.9392243600,66.9386063600,64.1703182200,65.1796940400,11299040,743918100.3000
2025-07-31,64.7099845000,66.5188659200,63.0610042000,63.5307137400,11252613,731160528.2500
2025-08-01,63.2608806000,64.3602008000,62.5613132000,63.4607570000,7177814,455337705.4500
2025-08-04,62.9610660000,63.9204727200,62.8311463400,63.6106643000,5283500,335003939.8000
2025-08-05,63.4607570000,63.7805592400,62.6512575800,62.9310845400,6455473,407293355.4600
2025-08-06,62.7711834200,64.2402749600,62.7611896000,64.2202873200,7404449,471448223.5400
2025-08-07,64.2402749600,66.3289833400,63.7705654200,65.0797558400,12074099,787164754.7200
2025-08-08,64.7399659600,64.8399041600,62.8211525200,62.8911092600,8963236,569338291.0100
2025-08-11,63.2109115000,66.6188041200,62.9610660000,65.8392861600,17328620,1134226822.4300
2025-08-12,66.8586558000,67.1384827600,65.0797558400,66.0791378400,13119118,869119277.0600
2025-08-13,66.3389771600,67.1184951200,65.5194839200,66.6188041200,12353345,819171126.6500
2025-08-14,65.7593356000,66.9585940000,63.9604480000,64.0304047400,17950698,1172602463.4600
2025-08-15,63.9604480000,67.4183097200,63.7605716000,66.1690822200,15497635,1020299105.1100
2025-08-18,66.8386681600,68.3377411600,65.9392243600,67.5382355600,17363758,1169146368.6600
2025-08-19,67.5382355600,68.0878956600,66.6587794000,67.1684642200,10567877,712343197.5100
2025-08-20,66.6587794000,67.8880192600,65.1597064000,67.8680316200,15265246,1017609031.6800
2025-08-21,67.9879574600,70.4064619000,66.8586558000,67.2883900600,23724067,1629244926.0900
2025-08-22,67.1784580400,71.1659922200,66.7287361400,70.6563074000,25711204,1788978533.8600
2025-08-25,71.8355781600,73.6344657600,68.8174445200,70.0966534800,27855269,1958950428.9000
2025-08-26,70.0866596600,72.2053495000,69.5969624800,69.8767894400,19897583,1410887884.6000
2025-08-27,69.6969006800,74.5139219200,69.6969006800,70.6363197600,30978308,2233083203.9500
2025-08-28,70.9561220000,72.6750590400,69.3671046200,72.6051023000,25721447,1839354123.2300
2025-08-29,72.3552568000,72.3552568000,69.7668574200,70.4364433600,19971682,1408084528.0900
2025-09-01,72.5351455600,75.7331679600,71.2359489600,73.1747500400,26223392,1922810533.1800
2025-09-02,72.0054731000,72.7350219600,68.3677226200,68.8174445200,21568550,1515771197.7800
2025-09-03,69.3271293400,70.2865360600,66.8086867000,67.4882664600,12229606,840150081.9600
2025-09-04,67.7680934200,68.0179389200,62.2415109600,63.4407693600,16642429,1083839838.6200
2025-09-05,63.7605716000,73.6144781200,63.1409547600,71.6157141200,30453261,2110950099.5600
2025-09-08,71.8555658000,72.1353927600,69.6269439400,71.8555658000,19692560,1395707813.6400
2025-09-09,70.9661158200,71.2459427800,67.9879574600,68.3677226200,14627844,1018765573.3200
2025-09-10,68.0079451000,70.2265731400,68.0079451000,68.3777164400,10844134,747989025.1200
2025-09-11,68.3677226200,75.6432235800,67.8780254400,74.9136747200,30025978,2185135604.5400
2025-09-12,74.4539590000,85.3272351600,74.2840640600,80.3003437000,49770580,3990986420.1000
2025-09-15,82.9487060000,83.9281003600,77.9517960000,79.4008999000,31602525,2514719807.6600
2025-09-16,79.4508690000,82.3990459000,78.5514252000,79.9505600000,24159434,1940062247.6000
2025-09-17,79.6507454000,80.8300161600,77.9517960000,79.4508690000,20203448,1603849993.3600
2025-09-18,79.4608628200,81.6295217600,76.0529702000,77.7918948800,34798440,2768483251.6000
2025-09-19,78.1516724000,83.5283475600,78.1516724000,79.9205785400,36495145,2963431523.4100
2025-09-22,80.9099667200,87.1361165800,80.9099667200,84.4277913600,37212829,3147843968.4600
2025-09-23,84.4277913600,89.9044047200,82.5289655600,87.4459250000,42103456,3651301437.2300
2025-09-24,87.0261845600,95.1211787600,85.7469756000,93.1424024000,45301657,4089785614.8200
2025-09-25,89.5446272000,92.0730636600,87.9556098200,90.4440710000,28659512,2581776091.4000
2025-09-26,91.9431440000,96.7401776000,89.9243923600,90.0643058400,36189372,3382638007.9200
2025-09-29,94.9412900000,96.8201281600,92.0031069200,95.3310489800,37001945,3503024785.4700
2025-09-30,99.5984101200,109.4323290000,98.2592382400,104.2355426000,37660915,3925476458.2500
2025-10-09,110.3317728000,113.5098075600,104.9650914600,106.6740346800,37347012,4096847017.4100
2025-10-10,99.9382000000,103.6459072200,93.9519018200,96.4403630000,37404723,3649075607.7600
2025-10-13,92.9425260000,102.9363460000,92.4428350000,102.7664510600,42053638,4182671567.0500
2025-10-14,107.1337504000,116.8077681600,102.9363460000,104.3954437200,46197330,5097371759.6800
2025-10-15,104.6552830400,107.3935897200,99.7383236000,104.3354808000,28598098,2945281152.3100
2025-10-16,107.0138245600,119.2162787800,107.0138245600,113.4798261000,40371727,4577189888.6800
2025-10-17,111.9107963600,113.4298570000,103.9357280000,104.3354808000,30833523,3325781537.7900
2025-10-20,108.9426318200,110.7315256000,101.8969887200,103.9856971000,23102225,2441202141.4500
2025-10-21,105.4647824600,115.3086951600,104.1156167600,109.1624958600,30941229,3401130089.4100
2025-10-22,104.9351100000,108.9026565400,102.2367786000,106.0144425600,23794386,2505687260.8400
2025-10-23,106.0344302000,107.5235093800,100.9875511000,107.5235093800,21114717,2206945187.3500
2025-10-24,112.2305986000,120.5054815600,109.4423228200,119.0263962000,34430688,3973117738.6500
2025-10-27,124.5329910200,130.4193510000,118.8764889000,127.7310134200,36892437,4582895101.2200
2025-10-28,120.9352158200,127.4711741000,120.1257164000,124.3830837200,24526896,3012575416.4600
2025-10-29,128.3706179000,139.9134800000,127.9009083600,130.2194746000,28866293,3844119941.6200
2025-10-30,135.9159520000,142.8916383600,130.2694437000,135.6061435800,33226987,4497932937.9200
2025-10-31,135.6561126800,136.4156430000,122.6941281400,130.9190420000,31019229,3997541430.9100
2025-11-03,125.9221320000,136.9153340000,123.8034421600,134.2170026000,28167929,3700322456.7100
2025-11-04,134.5667863000,134.9165700000,121.6247894000,121.8446534400,27583721,3497591331.2600
2025-11-05,114.9289300000,125.1825893200,114.9289300000,124.8228118000,21277785,2558319888.0900
2025-11-06,128.9202780000,130.5992397600,124.9327438200,127.9208960000,22517562,2888703973.9400
2025-11-07,125.9221320000,132.1882571400,124.9427376400,126.0720393000,22444111,2897097976.6500
2025-11-10,130.9090481800,133.1876391400,118.8165259800,127.6010937600,27930739,3501652555.5700
2025-11-11,129.9596352800,134.7166936000,125.4424286400,127.4212050000,31311449,4111880599.4300
2025-11-12,121.9246040000,130.9190420000,117.6072737600,125.9920887400,29575781,3692432757.6200
2025-11-13,126.9015263600,150.9066820000,126.9015263600,142.6417928600,45890077,6556961646.1800
2025-11-14,131.4687021000,131.9184240000,122.9339798200,127.0014645600,45607272,5802848589.3600
2025-11-17,127.4311988200,142.9016321800,127.4311988200,132.6379790400,38880192,5269347535.5600
2025-11-18,132.9178060000,133.8872065400,120.7253456000,121.3249748000,36539462,4601994734.1400
2025-11-19,118.9064703600,122.0045545600,114.9289300000,117.6172675800,28075884,3325362394.9000
2025-11-20,122.9239860000,122.9239860000,111.9307840000,112.6103637600,27473071,3138761780.0700
2025-11-21,104.5353572000,105.9244981800,99.9481938200,103.5959381200,34037624,3529539899.6300
2025-11-24,104.9351100000,105.3348628000,101.2673780600,104.0356662000,19357507,2003279608.3800
2025-11-25,108.9326380000,109.3623722600,104.2155549600,104.9251161800,24944877,2658886222.2200
2025-11-26,103.5959381200,107.2037071400,102.2767538800,104.8251779800,20199162,2117734781.8300
2025-11-27,104.5353572000,107.8133301600,102.1368404000,102.7164819600,21626587,2268016563.4500
2025-11-28,102.0369022000,109.3623722600,101.4372730000,108.9826071000,30560277,3254761409.3200
2025-12-01,109.9320200000,115.0988249400,106.8938987200,112.1306604000,36645728,4054451165.7100
2025-12-02,114.9289300000,118.3068411600,111.7309076000,113.3998755400,34514333,3971289054.4400
2025-12-03,109.9320200000,113.3299188000,107.3136391600,112.1406542200,26125898,2864127484.5500
2025-12-04,108.7327616000,112.2305986000,107.5135155600,109.1624958600,20002042,2188480086.9800
2025-12-05,110.4217171800,111.3911177200,107.4335650000,107.9432498200,18458642,2015915773.0200
2025-12-08,109.5322672000,119.8458894400,109.2624340600,117.4973417400,32823385,3787367404.5400
2025-12-09,115.9582934600,118.5566866600,113.9795171000,115.2087569600,20377619,2365159476.5900
2025-12-10,114.4292390000,115.9083243600,109.9919829200,113.1700176800,15979207,1797476724.0100
2025-12-11,115.9283120000,117.8771069000,111.7309076000,115.3486704400,22822624,2626112547.7000
2025-12-12,114.4292390000,118.8664950800,111.9407778200,116.5978979400,21722588,2517481566.1600
2025-12-15,111.9307840000,112.6703266800,108.6028419400,109.4822981000,17690569,1956156578.3800
2025-12-16,108.9326380000,111.5310312000,105.3848319000,106.6740346800,12766209,1374155244.4900
2025-12-17,106.6740346800,111.7808767000,105.8145661600,111.0013587400,13195006,1443072692.9300
2025-12-18,111.9907469200,115.3986395400,110.8214699800,112.6003699400,16167825,1830069666.1000
2025-12-19,114.9289300000,114.9289300000,107.4935279200,109.3323908000,18945359,2095749515.2600
2025-12-22,110.5316492000,113.4298570000,106.7939605200,107.6434352200,18256310,1998760611.7200
2025-12-23,107.4135773600,108.7327616000,104.5053757400,107.6634228600,17689311,1885326381.4400
2025-12-24,108.9326380000,112.8102401600,108.0431880200,111.8708210800,21003166,2323590771.3400
2025-12-25,111.0613216600,115.9283120000,109.3823599000,110.4716862800,20558404,2307156531.0900
2025-12-26,108.9226441800,115.5085715600,108.9126503600,113.0301042000,20689985,2350623354.1700
2025-12-29,111.9307840000,120.8052961600,111.5909941200,113.3099311600,21452414,2489736296.3500
2025-12-30,113.2599620600,123.6935101400,113.2599620600,117.8171439800,27334082,3253381757.4200
2025-12-31,118.8065321600,119.7059759600,113.5098075600,114.7190597800,17070352,1970712485.9300
2026-01-05,118.9264580000,125.8921505400,118.9264580000,124.0233062000,26757862,3311752791.5400
2026-01-06,123.9233680000,128.9202780000,121.2550180600,125.8221938000,24621261,3066539668.5700
2026-01-07,136.3956553600,137.9147160000,126.4018353600,128.9002903600,29132924,3839693107.2500
2026-01-08,127.5811061200,129.4199690000,125.4224410000,126.4218230000,17178446,2183273196.8900
2026-01-09,123.9833309200,127.3812297200,120.5354630200,126.0820331200,17154679,2134365657.7800
2026-01-12,128.6004757600,131.3787577200,123.3337326200,129.6798083200,24659583,3135318218.6100
2026-01-13,125.6922741400,138.4144070000,123.3837017200,135.2963351600,31869240,4149255223.1900
2026-01-14,147.9085360000,154.9042100000,140.1333440400,145.8098338000,45454689,6748398124.8900
2026-01-15,147.9085360000,162.8992660000,146.9091540000,156.9129678200,42732251,6616780220.4500
2026-01-16,162.8992660000,188.2935626200,156.9229616400,183.8862880000,56913183,9920542077.7000
2026-01-19,179.8887600000,180.7682161600,173.7225730600,175.1716769600,38873062,6860876163.0800
2026-01-20,176.8906140000,193.2604911600,176.8906140000,190.2623451600,45241817,8441015783.9700
2026-01-21,193.2704849800,199.2567831600,185.5752435800,190.2423575200,39243883,7522223748.1600
2026-01-22,198.8770180000,198.8770180000,182.7669801600,187.6839396000,36687421,6932606153.2700
2026-01-23,187.6839396000,194.4797372000,180.8981358200,186.3447677200,33583920,6242954748.7900
2026-01-26,188.6833216000,194.1799226000,179.3690813600,180.4883892000,31109911,5729866841.3800
2026-01-27,179.6888836000,187.4141064600,174.5520601200,186.1848666000,35718814,6497868902.2800
2026-01-28,188.3835070000,193.6302625000,184.4659295600,191.2317457000,32949328,6230303467.5900
2026-01-29,193.8801080000,205.9526425600,186.0749345800,187.5840014000,41615786,8110845804.7100
2026-01-30,190.6221226800,194.5596877600,182.3672273600,187.1642609600,35519323,6704962361.9400
2026-02-02,179.5089948400,180.7882038000,167.7962378000,167.7962378000,38584712,6679487815.9900
2026-02-03,174.3921590000,176.6307746800,169.5451563000,174.0123938400,25629067,4441171303.6100
2026-02-04,169.8949400000,170.8943220000,161.8998840000,168.3958670000,23916474,3988259497.5100
2026-02-05,161.7000076000,164.4782895600,160.2808851600,162.6993896000,17103535,2776816744.9400
2026-02-06,159.4114228200,164.3683575400,158.2121644200,160.0010582000,15882355,2560905439.3300
2026-02-09,163.8986480000,165.3577457200,159.4014290000,164.0885305800,17900120,2916527283.3000
2026-02-10,163.0991424000,164.8680485400,160.4807615600,160.9104958200,14678638,2380578248.6600
2026-02-11,158.9017380000,161.7699643400,158.3021088000,158.9017380000,12509127,2002545380.4100
2026-02-12,163.1790929600,170.8943220000,161.4101868200,170.8643405400,30795204,5109140164.2700
2026-02-13,168.8755703600,169.8949400000,164.4982772000,165.8074676200,26087738,4362540551.7600
2026-02-24,169.0754467600,177.8800021800,167.1066642200,173.8924680000,27871949,4819673356.5500
2026-02-25,168.9055518200,169.8949400000,164.4583019200,168.3558917200,21404412,3586292725.9300
2026-02-26,168.5957434000,169.7950018000,164.0985244000,166.9167816400,23704952,3945820954.9100
2026-02-27,164.1584873200,166.3971030000,162.1597233200,165.6975356000,18439224,3035014888.0300
2026-03-02,160.0010582000,165.4676777400,159.9011200000,160.4008110000,19290563,3120051119.8000
2026-03-03,160.9005020000,161.7999458000,145.9397534600,146.5693641200,30892626,4691374070.9700
2026-03-04,175.8812381800,175.8812381800,168.7856259800,175.8812381800,37330464,6534871542.9300
2026-03-05,194.8694961800,205.8626981800,191.3816530000,191.3816530000,91031326,17955471220.1700
2026-03-06,190.4822092000,209.4904548400,190.4822092000,209.2006340600,55101645,11235778709.1700
2026-03-09,203.8739280000,217.5854490400,203.0544347600,216.5161103000,49266737,10406160879.3100
2026-03-10,219.8640400000,220.1838422400,209.3605351800,213.6179025000,39685368,8470628686.3500
2026-03-11,213.5679334000,219.7541079800,211.9489345600,213.9077232800,34330687,7375201706.9200
2026-03-12,214.1875502400,216.3562091800,200.1762146000,202.7246387000,37231605,7660225441.3800
2026-03-13,200.8757820000,218.4948866600,200.8757820000,209.5704054000,38011036,7971218800.1300
2026-03-16,211.8689840000,238.2726564400,211.2693548000,237.5531014000,52767977,11893754457.1300
2026-03-17,232.8060369000,243.1796220600,232.0565004000,235.6342879600,37629899,8935294071.8100
2026-03-18,244.3588928200,259.8293261800,240.8510620000,257.9305003800,47368380,11977811669.8000
2026-03-19,250.1453146000,253.6431516000,240.8510620000,243.0297147600,44136572,10892313809.7800
2026-03-20,247.7068225200,247.8467360000,232.9559442000,238.7323721600,38831649,9351554533.5600
2026-03-23,227.8590960000,237.6530396000,223.7716236200,224.8609500000,35816516,8248825899.0100
2026-03-24,228.3587870000,231.6367599600,212.8383845400,231.3569330000,44598719,9887515852.3600
2026-03-25,234.8547700000,261.4383312000,232.8560060000,253.1934297000,52822181,13191967554.2400
2026-03-26,240.5412535800,246.5075641200,236.7336081600,238.8323103600,40345807,9713156160.3500
2026-03-27,222.8322045400,243.1796220600,219.8640400000,238.2526688000,33765290,7823154066.5200
2026-03-30,231.0671122200,240.4313215600,228.7385521600,231.8466301800,30945901,7213174567.4100
2026-03-31,219.8840276400,219.9439905600,209.0707144000,211.8589901800,42365631,9076342896.9900
2026-04-01,227.8590960000,232.7360801600,210.5398059400,215.4667592000,44143747,9718138114.6900
2026-04-02,219.8640400000,222.7722416200,210.6197565000,210.6897132400,29636306,6420464046.0700
2026-04-03,213.4679952000,217.4155541000,210.0700964000,210.1600407800,21487927,4567933114.4300
2026-04-07,215.8665120000,224.1613826000,214.5273401200,217.2856344400,30058720,6582920564.7500
2026-04-08,228.8584780000,230.8572420000,219.9140091000,229.5380577600,37254052,8413271180.5300
2026-04-09,223.8615680000,231.0371307600,220.2837804400,227.3793926400,32437807,7316943550.3700
2026-04-10,233.8354003600,247.8467360000,232.9759318400,241.3607468200,42541563,10211614381.9300
2026-04-13,239.8516800000,257.7905869000,238.8522980000,255.6918847000,39717892,10032646696.4000
2026-04-14,265.8256181800,294.0381720400,261.8480778200,287.9219542000,52201819,14629805008.0500
2026-04-15,290.0106625800,291.9994327600,277.9880971200,285.2336166200,39833385,11325442860.0700
2026-04-16,272.8312860000,291.6196676000,271.8219101800,286.6227576000,44400802,12593561088.5800
2026-04-17,272.9112365600,277.8281960000,268.5739186800,270.5027259400,49745553,13553730686.8400
2026-04-20,270.9324602000,275.6795247000,266.4952041200,268.5339434000,32054740,8688746027.2200
2026-04-21,268.8337580000,277.5983381400,263.1472744200,275.7894567200,33703522,9170089303.4000
2026-04-22,274.4802663000,280.8263420000,272.7113601600,280.8263420000,28718029,7942037893.8500
2026-04-23,293.6983821600,294.8076961800,262.8674474600,264.1366626000,43954488,12099222996.5000
2026-04-24,261.8380840000,268.3340670000,259.7393818000,266.3353030000,29965604,7908649798.8800
2026-04-27,268.1741658800,269.3334490000,262.0179727600,264.4864463000,27524917,7296787923.1500
2026-04-28,267.6344996000,274.4702724800,260.4889183000,260.6388256000,28182833,7542862846.6800
2026-04-29,257.0710318600,269.8331400000,255.8617796400,268.8337580000,30215306,7954461977.7200
2026-04-30,269.8331400000,269.8431338200,263.3371570000,264.9161805600,25651813,6817717082.4100
2026-05-06,286.5228194000,317.8534451000,281.0262184000,310.9277278400,59632778,18143365389.1100
2026-05-07,304.8115100000,310.8377834600,295.0675355000,299.6646927000,49047567,14819792189.0500
2026-05-08,289.8207800000,294.1880793400,286.9025845600,290.2705019000,29769636,8646849784.9800
2026-05-11,310.9077402000,323.3000770000,301.0238522200,315.4949035800,52969111,16578821886.8300
2026-05-12,312.8065660000,317.4836737600,304.8115100000,308.7790565400,35878397,11114217205.6600
2026-05-13,297.8158360000,329.6961218000,295.4473006600,328.2869931800,47829148,15001175906.4100
2026-05-14,328.2869931800,342.9679147600,323.1501697000,323.1501697000,44952972,14901944691.8700
2026-05-15,323.0002624000,328.1970488000,300.9139202000,306.1107066000,44496700,13841311767.4500
2026-05-18,307.8096560000,344.7867900000,307.8096560000,330.8953802000,50470114,16785716138.1700
2026-05-19,321.8109978200,323.7997680000,300.8239758200,313.2363002600,44439874,13831996088.6200
2026-05-20,312.6066896000,319.2325922600,308.8190318200,316.4043412000,30965985,9731207102.7900
2026-05-21,324.5992736000,327.7873021800,298.3654961000,300.8139820000,36697067,11565177471.5100
2026-05-22,308.8090380000,314.6054536000,301.7234196200,312.0570295000,30129715,9306318293.7400
2026-05-25,311.8071840000,322.5905157800,303.1725235200,320.5717641400,36407198,11444187035.3200
2026-05-26,318.8028580000,318.8028580000,302.9326718400,307.5398228600,30114700,9253701048.0300
2026-05-27,322.8003860000,342.2683473600,314.9752249400,316.7941001800,53187408,17404948132.3800
2026-05-28,311.1076166000,330.7854481800,305.8108920000,323.4200028400,36819883,11752624704.9900
2026-05-29,325.7985320000,339.6699541600,312.8065660000,327.1676853400,41590000,13654934635.7500
2026-06-01,330.7954420000,333.7835941800,304.8115100000,304.8115100000,33896411,10779485259.6200
2026-06-02,304.8115100000,311.6272952400,287.2323806200,303.2124988000,34769891,10477905299.2400
2026-06-03,299.8146000000,327.5974196000,299.7646309000,313.8059480000,41282314,13034538420.9400
2026-06-04,311.8171778200,349.7837000000,308.8090380000,341.0990704200,58137146,19509288287.0700
2026-06-05,326.7979140000,332.7942060000,308.9189700200,310.8078020000,48186355,15507983993.4000
2026-06-08,284.8238700000,295.3973315600,284.8238700000,288.3217070000,32993711,9591655912.4500
2026-06-09,297.9857309400,306.1406880600,294.5978259600,304.9614173000,26463951,7944715343.4900
2026-06-10,310.8078020000,331.6948858000,307.8096560000,316.8040940000,39267999,12557127765.5600
2026-06-11,314.4655401200,326.7779263600,307.8196498200,324.0696011400,30296101,9576622755.4100
2026-06-12,348.6643921600,358.6382245200,327.6973578000,327.6973578000,53917677,18606389503.0800
2026-06-15,336.7917340000,340.0896946000,322.0908247800,339.7499047200,41764820,13889628000.7800
2026-06-16,340.0000000000,346.9800000000,334.7100000000,340.4800000000,33989517,11566602651.9400
2026-06-17,332.2000000000,370.0000000000,328.7500000000,370.0000000000,50471582,17682273513.6900
2026-06-18,363.0000000000,392.2000000000,363.0000000000,386.2000000000,46314381,17529884494.5100
2026-06-22,394.6200000000,406.3100000000,386.2000000000,406.3100000000,42959086,17090297174.8800
2026-06-23,400.0000000000,419.9700000000,386.0000000000,389.4700000000,38967798,15547213689.8200
2026-06-24,382.0000000000,418.8000000000,378.8600000000,417.0000000000,37487918,14956865280.0900
2026-06-25,441.0000000000,488.0000000000,438.0000000000,480.3000000000,48456799,22470721325.5500
2026-06-26,465.3800000000,517.0000000000,465.2000000000,501.0500000000,46471099,22447926644.9000
